[     317ms] [VERBOSE] [DOM] Password forms should have (optionally hidden) username fields for accessibility: (More info: https://goo.gl/9p2vKq) %o @ https://client-1-77f5570c.flowsbiz.com/client/login:0
[     387ms] [ERROR] Failed to load resource: the server responded with a status of 404 () @ https://client-1-77f5570c.flowsbiz.com/favicon.ico:0
[  394349ms] TypeError: Cannot read properties of null (reading 'style')
    at https://client-1-77f5570c.flowsbiz.com/client/:3072:48
    at NodeList.forEach (<anonymous>)
    at updateDecisionStepVisibility (https://client-1-77f5570c.flowsbiz.com/client/:3067:55)
    at renderDecisionFlow (https://client-1-77f5570c.flowsbiz.com/client/:2654:5)
    at addDecisionStep (https://client-1-77f5570c.flowsbiz.com/client/:2952:5)
    at addTwilioQuickStep (https://client-1-77f5570c.flowsbiz.com/client/:2934:7)
    at addDecisionStepFromSelect (https://client-1-77f5570c.flowsbiz.com/client/:2863:5)
    at HTMLButtonElement.onclick (https://client-1-77f5570c.flowsbiz.com/client/:1524:95)
[ 3598883ms] [ERROR] Failed to load resource: net::ERR_NAME_NOT_RESOLVED @ https://client-1-77f5570c.flowsbiz.com/api/qr:0
[ 3598885ms] [ERROR] Failed to load resource: net::ERR_NAME_NOT_RESOLVED @ https://client-1-77f5570c.flowsbiz.com/api/contacts/queue?limit=1:0
[ 3598885ms] [ERROR] Failed to load resource: net::ERR_NAME_NOT_RESOLVED @ https://client-1-77f5570c.flowsbiz.com/api/campaign-results:0
[ 3599435ms] [ERROR] Failed to load resource: net::ERR_NAME_NOT_RESOLVED @ https://client-1-77f5570c.flowsbiz.com/api/qr:0
[ 3601445ms] [ERROR] Failed to load resource: net::ERR_NAME_NOT_RESOLVED @ https://client-1-77f5570c.flowsbiz.com/api/qr:0
[ 3603438ms] [ERROR] Failed to load resource: net::ERR_NAME_NOT_RESOLVED @ https://client-1-77f5570c.flowsbiz.com/api/contacts/queue?limit=1:0
[ 3603439ms] [ERROR] Failed to load resource: net::ERR_NAME_NOT_RESOLVED @ https://client-1-77f5570c.flowsbiz.com/api/campaign-results:0
[ 3603439ms] [ERROR] Failed to load resource: net::ERR_NAME_NOT_RESOLVED @ https://client-1-77f5570c.flowsbiz.com/api/qr:0
[17973677ms] [ERROR] Failed to load resource: net::ERR_NETWORK_IO_SUSPENDED @ https://client-1-77f5570c.flowsbiz.com/api/contacts/queue?limit=1:0
[17973678ms] [ERROR] Failed to load resource: net::ERR_NETWORK_IO_SUSPENDED @ https://client-1-77f5570c.flowsbiz.com/api/campaign-results:0
[39314270ms] [ERROR] Failed to load resource: net::ERR_INTERNET_DISCONNECTED @ https://client-1-77f5570c.flowsbiz.com/api/qr:0
[39314299ms] [ERROR] Failed to load resource: net::ERR_INTERNET_DISCONNECTED @ https://client-1-77f5570c.flowsbiz.com/api/qr:0
[39314299ms] [ERROR] Failed to load resource: net::ERR_INTERNET_DISCONNECTED @ https://client-1-77f5570c.flowsbiz.com/api/contacts/queue?limit=1:0
[39314299ms] [ERROR] Failed to load resource: net::ERR_INTERNET_DISCONNECTED @ https://client-1-77f5570c.flowsbiz.com/api/campaign-results:0
[39315136ms] [ERROR] Failed to load resource: net::ERR_INTERNET_DISCONNECTED @ https://client-1-77f5570c.flowsbiz.com/api/contacts/queue?limit=1:0
[39315138ms] [ERROR] Failed to load resource: net::ERR_INTERNET_DISCONNECTED @ https://client-1-77f5570c.flowsbiz.com/api/campaign-results:0
[43383964ms] [ERROR] Failed to load resource: the server responded with a status of 401 () @ https://client-1-77f5570c.flowsbiz.com/api/qr:0
[43385974ms] [ERROR] Failed to load resource: the server responded with a status of 401 () @ https://client-1-77f5570c.flowsbiz.com/api/qr:0
[43387971ms] [ERROR] Failed to load resource: the server responded with a status of 401 () @ https://client-1-77f5570c.flowsbiz.com/api/contacts/queue?limit=1:0
[43387972ms] [ERROR] Failed to load resource: the server responded with a status of 401 () @ https://client-1-77f5570c.flowsbiz.com/api/campaign-results:0
[43387978ms] [ERROR] Failed to load resource: the server responded with a status of 401 () @ https://client-1-77f5570c.flowsbiz.com/api/qr:0
[43389996ms] [ERROR] Failed to load resource: the server responded with a status of 401 () @ https://client-1-77f5570c.flowsbiz.com/api/qr:0
[43391985ms] [ERROR] Failed to load resource: the server responded with a status of 401 () @ https://client-1-77f5570c.flowsbiz.com/api/qr:0
[43392957ms] [ERROR] Failed to load resource: the server responded with a status of 401 () @ https://client-1-77f5570c.flowsbiz.com/api/campaign-results:0
[43392957ms] [ERROR] Failed to load resource: the server responded with a status of 401 () @ https://client-1-77f5570c.flowsbiz.com/api/contacts/queue?limit=1:0
[43393966ms] [ERROR] Failed to load resource: the server responded with a status of 401 () @ https://client-1-77f5570c.flowsbiz.com/api/qr:0
[43395966ms] [ERROR] Failed to load resource: the server responded with a status of 401 () @ https://client-1-77f5570c.flowsbiz.com/api/qr:0
[43397956ms] [ERROR] Failed to load resource: the server responded with a status of 401 () @ https://client-1-77f5570c.flowsbiz.com/api/contacts/queue?limit=1:0
[43397959ms] [ERROR] Failed to load resource: the server responded with a status of 401 () @ https://client-1-77f5570c.flowsbiz.com/api/campaign-results:0
[43397959ms] [ERROR] Failed to load resource: the server responded with a status of 401 () @ https://client-1-77f5570c.flowsbiz.com/api/qr:0
[43400036ms] [ERROR] Failed to load resource: the server responded with a status of 401 () @ https://client-1-77f5570c.flowsbiz.com/api/qr:0
[43401965ms] [ERROR] Failed to load resource: the server responded with a status of 401 () @ https://client-1-77f5570c.flowsbiz.com/api/qr:0
[43402968ms] [ERROR] Failed to load resource: the server responded with a status of 401 () @ https://client-1-77f5570c.flowsbiz.com/api/campaign-results:0
[43402968ms] [ERROR] Failed to load resource: the server responded with a status of 401 () @ https://client-1-77f5570c.flowsbiz.com/api/contacts/queue?limit=1:0
[43403980ms] [ERROR] Failed to load resource: the server responded with a status of 401 () @ https://client-1-77f5570c.flowsbiz.com/api/qr:0
[43405983ms] [ERROR] Failed to load resource: the server responded with a status of 401 () @ https://client-1-77f5570c.flowsbiz.com/api/qr:0
[43407967ms] [ERROR] Failed to load resource: the server responded with a status of 401 () @ https://client-1-77f5570c.flowsbiz.com/api/campaign-results:0
[43407968ms] [ERROR] Failed to load resource: the server responded with a status of 401 () @ https://client-1-77f5570c.flowsbiz.com/api/qr:0
[43407968ms] [ERROR] Failed to load resource: the server responded with a status of 401 () @ https://client-1-77f5570c.flowsbiz.com/api/contacts/queue?limit=1:0
[43410011ms] [ERROR] Failed to load resource: the server responded with a status of 401 () @ https://client-1-77f5570c.flowsbiz.com/api/qr:0
[43411983ms] [ERROR] Failed to load resource: the server responded with a status of 401 () @ https://client-1-77f5570c.flowsbiz.com/api/qr:0
[43412987ms] [ERROR] Failed to load resource: the server responded with a status of 401 () @ https://client-1-77f5570c.flowsbiz.com/api/contacts/queue?limit=1:0
[43412987ms] [ERROR] Failed to load resource: the server responded with a status of 401 () @ https://client-1-77f5570c.flowsbiz.com/api/campaign-results:0
[43413978ms] [ERROR] Failed to load resource: the server responded with a status of 401 () @ https://client-1-77f5570c.flowsbiz.com/api/qr:0
[43415976ms] [ERROR] Failed to load resource: the server responded with a status of 401 () @ https://client-1-77f5570c.flowsbiz.com/api/qr:0
[43417968ms] [ERROR] Failed to load resource: the server responded with a status of 401 () @ https://client-1-77f5570c.flowsbiz.com/api/campaign-results:0
[43417969ms] [ERROR] Failed to load resource: the server responded with a status of 401 () @ https://client-1-77f5570c.flowsbiz.com/api/contacts/queue?limit=1:0
[43417969ms] [ERROR] Failed to load resource: the server responded with a status of 401 () @ https://client-1-77f5570c.flowsbiz.com/api/qr:0
[43419979ms] [ERROR] Failed to load resource: the server responded with a status of 401 () @ https://client-1-77f5570c.flowsbiz.com/api/qr:0
[43421975ms] [ERROR] Failed to load resource: the server responded with a status of 401 () @ https://client-1-77f5570c.flowsbiz.com/api/qr:0
[43422989ms] [ERROR] Failed to load resource: the server responded with a status of 401 () @ https://client-1-77f5570c.flowsbiz.com/api/campaign-results:0
[43422990ms] [ERROR] Failed to load resource: the server responded with a status of 401 () @ https://client-1-77f5570c.flowsbiz.com/api/contacts/queue?limit=1:0
[43423958ms] [ERROR] Failed to load resource: the server responded with a status of 401 () @ https://client-1-77f5570c.flowsbiz.com/api/qr:0
[43425992ms] [ERROR] Failed to load resource: the server responded with a status of 401 () @ https://client-1-77f5570c.flowsbiz.com/api/qr:0
[43427959ms] [ERROR] Failed to load resource: the server responded with a status of 401 () @ https://client-1-77f5570c.flowsbiz.com/api/campaign-results:0
[43427959ms] [ERROR] Failed to load resource: the server responded with a status of 401 () @ https://client-1-77f5570c.flowsbiz.com/api/contacts/queue?limit=1:0
[43427962ms] [ERROR] Failed to load resource: the server responded with a status of 401 () @ https://client-1-77f5570c.flowsbiz.com/api/qr:0
[43429984ms] [ERROR] Failed to load resource: the server responded with a status of 401 () @ https://client-1-77f5570c.flowsbiz.com/api/qr:0
[43431974ms] [ERROR] Failed to load resource: the server responded with a status of 401 () @ https://client-1-77f5570c.flowsbiz.com/api/qr:0
[43432991ms] [ERROR] Failed to load resource: the server responded with a status of 401 () @ https://client-1-77f5570c.flowsbiz.com/api/campaign-results:0
[43432992ms] [ERROR] Failed to load resource: the server responded with a status of 401 () @ https://client-1-77f5570c.flowsbiz.com/api/contacts/queue?limit=1:0
[43433981ms] [ERROR] Failed to load resource: the server responded with a status of 401 () @ https://client-1-77f5570c.flowsbiz.com/api/qr:0
[43435977ms] [ERROR] Failed to load resource: the server responded with a status of 401 () @ https://client-1-77f5570c.flowsbiz.com/api/qr:0
[43437970ms] [ERROR] Failed to load resource: the server responded with a status of 401 () @ https://client-1-77f5570c.flowsbiz.com/api/campaign-results:0
[43437971ms] [ERROR] Failed to load resource: the server responded with a status of 401 () @ https://client-1-77f5570c.flowsbiz.com/api/contacts/queue?limit=1:0
[43437971ms] [ERROR] Failed to load resource: the server responded with a status of 401 () @ https://client-1-77f5570c.flowsbiz.com/api/qr:0
[43439962ms] [ERROR] Failed to load resource: the server responded with a status of 401 () @ https://client-1-77f5570c.flowsbiz.com/api/qr:0
[43441983ms] [ERROR] Failed to load resource: the server responded with a status of 401 () @ https://client-1-77f5570c.flowsbiz.com/api/qr:0
[43442981ms] [ERROR] Failed to load resource: the server responded with a status of 401 () @ https://client-1-77f5570c.flowsbiz.com/api/campaign-results:0
[43442981ms] [ERROR] Failed to load resource: the server responded with a status of 401 () @ https://client-1-77f5570c.flowsbiz.com/api/contacts/queue?limit=1:0
[43443982ms] [ERROR] Failed to load resource: the server responded with a status of 401 () @ https://client-1-77f5570c.flowsbiz.com/api/qr:0
[43445989ms] [ERROR] Failed to load resource: the server responded with a status of 401 () @ https://client-1-77f5570c.flowsbiz.com/api/qr:0
[43447962ms] [ERROR] Failed to load resource: the server responded with a status of 401 () @ https://client-1-77f5570c.flowsbiz.com/api/contacts/queue?limit=1:0
[43447962ms] [ERROR] Failed to load resource: the server responded with a status of 401 () @ https://client-1-77f5570c.flowsbiz.com/api/qr:0
[43447962ms] [ERROR] Failed to load resource: the server responded with a status of 401 () @ https://client-1-77f5570c.flowsbiz.com/api/campaign-results:0
[43449965ms] [ERROR] Failed to load resource: the server responded with a status of 401 () @ https://client-1-77f5570c.flowsbiz.com/api/qr:0
[43451984ms] [ERROR] Failed to load resource: the server responded with a status of 401 () @ https://client-1-77f5570c.flowsbiz.com/api/qr:0
[43452989ms] [ERROR] Failed to load resource: the server responded with a status of 401 () @ https://client-1-77f5570c.flowsbiz.com/api/campaign-results:0
[43452989ms] [ERROR] Failed to load resource: the server responded with a status of 401 () @ https://client-1-77f5570c.flowsbiz.com/api/contacts/queue?limit=1:0
[43453970ms] [ERROR] Failed to load resource: the server responded with a status of 401 () @ https://client-1-77f5570c.flowsbiz.com/api/qr:0
[43455995ms] [ERROR] Failed to load resource: the server responded with a status of 401 () @ https://client-1-77f5570c.flowsbiz.com/api/qr:0
[43457959ms] [ERROR] Failed to load resource: the server responded with a status of 401 () @ https://client-1-77f5570c.flowsbiz.com/api/contacts/queue?limit=1:0
[43457959ms] [ERROR] Failed to load resource: the server responded with a status of 401 () @ https://client-1-77f5570c.flowsbiz.com/api/campaign-results:0
[43457960ms] [ERROR] Failed to load resource: the server responded with a status of 401 () @ https://client-1-77f5570c.flowsbiz.com/api/qr:0
[43459961ms] [ERROR] Failed to load resource: the server responded with a status of 401 () @ https://client-1-77f5570c.flowsbiz.com/api/qr:0
[43461968ms] [ERROR] Failed to load resource: the server responded with a status of 401 () @ https://client-1-77f5570c.flowsbiz.com/api/qr:0
[43462956ms] [ERROR] Failed to load resource: the server responded with a status of 401 () @ https://client-1-77f5570c.flowsbiz.com/api/contacts/queue?limit=1:0
[43462957ms] [ERROR] Failed to load resource: the server responded with a status of 401 () @ https://client-1-77f5570c.flowsbiz.com/api/campaign-results:0
[43463972ms] [ERROR] Failed to load resource: the server responded with a status of 401 () @ https://client-1-77f5570c.flowsbiz.com/api/qr:0
[43465992ms] [ERROR] Failed to load resource: the server responded with a status of 401 () @ https://client-1-77f5570c.flowsbiz.com/api/qr:0
[43467967ms] [ERROR] Failed to load resource: the server responded with a status of 401 () @ https://client-1-77f5570c.flowsbiz.com/api/qr:0
[43467968ms] [ERROR] Failed to load resource: the server responded with a status of 401 () @ https://client-1-77f5570c.flowsbiz.com/api/campaign-results:0
[43467968ms] [ERROR] Failed to load resource: the server responded with a status of 401 () @ https://client-1-77f5570c.flowsbiz.com/api/contacts/queue?limit=1:0
[43469960ms] [ERROR] Failed to load resource: the server responded with a status of 401 () @ https://client-1-77f5570c.flowsbiz.com/api/qr:0
[43471964ms] [ERROR] Failed to load resource: the server responded with a status of 401 () @ https://client-1-77f5570c.flowsbiz.com/api/qr:0
[43472987ms] [ERROR] Failed to load resource: the server responded with a status of 401 () @ https://client-1-77f5570c.flowsbiz.com/api/contacts/queue?limit=1:0
[43472987ms] [ERROR] Failed to load resource: the server responded with a status of 401 () @ https://client-1-77f5570c.flowsbiz.com/api/campaign-results:0
[43473982ms] [ERROR] Failed to load resource: the server responded with a status of 401 () @ https://client-1-77f5570c.flowsbiz.com/api/qr:0
[43475961ms] [ERROR] Failed to load resource: the server responded with a status of 401 () @ https://client-1-77f5570c.flowsbiz.com/api/qr:0
[43477964ms] [ERROR] Failed to load resource: the server responded with a status of 401 () @ https://client-1-77f5570c.flowsbiz.com/api/campaign-results:0
[43477965ms] [ERROR] Failed to load resource: the server responded with a status of 401 () @ https://client-1-77f5570c.flowsbiz.com/api/contacts/queue?limit=1:0
[43477966ms] [ERROR] Failed to load resource: the server responded with a status of 401 () @ https://client-1-77f5570c.flowsbiz.com/api/qr:0
[43479956ms] [ERROR] Failed to load resource: the server responded with a status of 401 () @ https://client-1-77f5570c.flowsbiz.com/api/qr:0
[43481989ms] [ERROR] Failed to load resource: the server responded with a status of 401 () @ https://client-1-77f5570c.flowsbiz.com/api/qr:0
[43482964ms] [ERROR] Failed to load resource: the server responded with a status of 401 () @ https://client-1-77f5570c.flowsbiz.com/api/campaign-results:0
[43482965ms] [ERROR] Failed to load resource: the server responded with a status of 401 () @ https://client-1-77f5570c.flowsbiz.com/api/contacts/queue?limit=1:0
[43483965ms] [ERROR] Failed to load resource: the server responded with a status of 401 () @ https://client-1-77f5570c.flowsbiz.com/api/qr:0
[43485955ms] [ERROR] Failed to load resource: the server responded with a status of 401 () @ https://client-1-77f5570c.flowsbiz.com/api/qr:0
[43487988ms] [ERROR] Failed to load resource: the server responded with a status of 401 () @ https://client-1-77f5570c.flowsbiz.com/api/campaign-results:0
[43487989ms] [ERROR] Failed to load resource: the server responded with a status of 401 () @ https://client-1-77f5570c.flowsbiz.com/api/qr:0
[43487989ms] [ERROR] Failed to load resource: the server responded with a status of 401 () @ https://client-1-77f5570c.flowsbiz.com/api/contacts/queue?limit=1:0
[43489966ms] [ERROR] Failed to load resource: the server responded with a status of 401 () @ https://client-1-77f5570c.flowsbiz.com/api/qr:0
[43491977ms] [ERROR] Failed to load resource: the server responded with a status of 401 () @ https://client-1-77f5570c.flowsbiz.com/api/qr:0
[43492976ms] [ERROR] Failed to load resource: the server responded with a status of 401 () @ https://client-1-77f5570c.flowsbiz.com/api/contacts/queue?limit=1:0
[43492976ms] [ERROR] Failed to load resource: the server responded with a status of 401 () @ https://client-1-77f5570c.flowsbiz.com/api/campaign-results:0
[43493980ms] [ERROR] Failed to load resource: the server responded with a status of 401 () @ https://client-1-77f5570c.flowsbiz.com/api/qr:0
[43495973ms] [ERROR] Failed to load resource: the server responded with a status of 401 () @ https://client-1-77f5570c.flowsbiz.com/api/qr:0
[43497968ms] [ERROR] Failed to load resource: the server responded with a status of 401 () @ https://client-1-77f5570c.flowsbiz.com/api/campaign-results:0
[43497968ms] [ERROR] Failed to load resource: the server responded with a status of 401 () @ https://client-1-77f5570c.flowsbiz.com/api/contacts/queue?limit=1:0
[43497969ms] [ERROR] Failed to load resource: the server responded with a status of 401 () @ https://client-1-77f5570c.flowsbiz.com/api/qr:0
[43499977ms] [ERROR] Failed to load resource: the server responded with a status of 401 () @ https://client-1-77f5570c.flowsbiz.com/api/qr:0
[43501980ms] [ERROR] Failed to load resource: the server responded with a status of 401 () @ https://client-1-77f5570c.flowsbiz.com/api/qr:0
[43502976ms] [ERROR] Failed to load resource: the server responded with a status of 401 () @ https://client-1-77f5570c.flowsbiz.com/api/contacts/queue?limit=1:0
[43502977ms] [ERROR] Failed to load resource: the server responded with a status of 401 () @ https://client-1-77f5570c.flowsbiz.com/api/campaign-results:0
[43503980ms] [ERROR] Failed to load resource: the server responded with a status of 401 () @ https://client-1-77f5570c.flowsbiz.com/api/qr:0
[43505969ms] [ERROR] Failed to load resource: the server responded with a status of 401 () @ https://client-1-77f5570c.flowsbiz.com/api/qr:0
[43507964ms] [ERROR] Failed to load resource: the server responded with a status of 401 () @ https://client-1-77f5570c.flowsbiz.com/api/campaign-results:0
[43507965ms] [ERROR] Failed to load resource: the server responded with a status of 401 () @ https://client-1-77f5570c.flowsbiz.com/api/contacts/queue?limit=1:0
[43507965ms] [ERROR] Failed to load resource: the server responded with a status of 401 () @ https://client-1-77f5570c.flowsbiz.com/api/qr:0
[43509978ms] [ERROR] Failed to load resource: the server responded with a status of 401 () @ https://client-1-77f5570c.flowsbiz.com/api/qr:0
[43511974ms] [ERROR] Failed to load resource: the server responded with a status of 401 () @ https://client-1-77f5570c.flowsbiz.com/api/qr:0
[43512983ms] [ERROR] Failed to load resource: the server responded with a status of 401 () @ https://client-1-77f5570c.flowsbiz.com/api/contacts/queue?limit=1:0
[43512984ms] [ERROR] Failed to load resource: the server responded with a status of 401 () @ https://client-1-77f5570c.flowsbiz.com/api/campaign-results:0
[43513962ms] [ERROR] Failed to load resource: the server responded with a status of 401 () @ https://client-1-77f5570c.flowsbiz.com/api/qr:0
[43515976ms] [ERROR] Failed to load resource: the server responded with a status of 401 () @ https://client-1-77f5570c.flowsbiz.com/api/qr:0
[43517957ms] [ERROR] Failed to load resource: the server responded with a status of 401 () @ https://client-1-77f5570c.flowsbiz.com/api/campaign-results:0
[43517958ms] [ERROR] Failed to load resource: the server responded with a status of 401 () @ https://client-1-77f5570c.flowsbiz.com/api/contacts/queue?limit=1:0
[43517958ms] [ERROR] Failed to load resource: the server responded with a status of 401 () @ https://client-1-77f5570c.flowsbiz.com/api/qr:0
[43519964ms] [ERROR] Failed to load resource: the server responded with a status of 401 () @ https://client-1-77f5570c.flowsbiz.com/api/qr:0
[43521966ms] [ERROR] Failed to load resource: the server responded with a status of 401 () @ https://client-1-77f5570c.flowsbiz.com/api/qr:0
[43522987ms] [ERROR] Failed to load resource: the server responded with a status of 401 () @ https://client-1-77f5570c.flowsbiz.com/api/contacts/queue?limit=1:0
[43522987ms] [ERROR] Failed to load resource: the server responded with a status of 401 () @ https://client-1-77f5570c.flowsbiz.com/api/campaign-results:0
[43523965ms] [ERROR] Failed to load resource: the server responded with a status of 401 () @ https://client-1-77f5570c.flowsbiz.com/api/qr:0
[43525969ms] [ERROR] Failed to load resource: the server responded with a status of 401 () @ https://client-1-77f5570c.flowsbiz.com/api/qr:0
[43527971ms] [ERROR] Failed to load resource: the server responded with a status of 401 () @ https://client-1-77f5570c.flowsbiz.com/api/qr:0
[43527972ms] [ERROR] Failed to load resource: the server responded with a status of 401 () @ https://client-1-77f5570c.flowsbiz.com/api/campaign-results:0
[43527972ms] [ERROR] Failed to load resource: the server responded with a status of 401 () @ https://client-1-77f5570c.flowsbiz.com/api/contacts/queue?limit=1:0
[43529958ms] [ERROR] Failed to load resource: the server responded with a status of 401 () @ https://client-1-77f5570c.flowsbiz.com/api/qr:0
[43531969ms] [ERROR] Failed to load resource: the server responded with a status of 401 () @ https://client-1-77f5570c.flowsbiz.com/api/qr:0
[43532969ms] [ERROR] Failed to load resource: the server responded with a status of 401 () @ https://client-1-77f5570c.flowsbiz.com/api/contacts/queue?limit=1:0
[43532969ms] [ERROR] Failed to load resource: the server responded with a status of 401 () @ https://client-1-77f5570c.flowsbiz.com/api/campaign-results:0
[43533975ms] [ERROR] Failed to load resource: the server responded with a status of 401 () @ https://client-1-77f5570c.flowsbiz.com/api/qr:0
[43535981ms] [ERROR] Failed to load resource: the server responded with a status of 401 () @ https://client-1-77f5570c.flowsbiz.com/api/qr:0
[43537957ms] [ERROR] Failed to load resource: the server responded with a status of 401 () @ https://client-1-77f5570c.flowsbiz.com/api/campaign-results:0
[43537959ms] [ERROR] Failed to load resource: the server responded with a status of 401 () @ https://client-1-77f5570c.flowsbiz.com/api/contacts/queue?limit=1:0
[43537960ms] [ERROR] Failed to load resource: the server responded with a status of 401 () @ https://client-1-77f5570c.flowsbiz.com/api/qr:0
[43539974ms] [ERROR] Failed to load resource: the server responded with a status of 401 () @ https://client-1-77f5570c.flowsbiz.com/api/qr:0
[43541973ms] [ERROR] Failed to load resource: the server responded with a status of 401 () @ https://client-1-77f5570c.flowsbiz.com/api/qr:0
[43542972ms] [ERROR] Failed to load resource: the server responded with a status of 401 () @ https://client-1-77f5570c.flowsbiz.com/api/campaign-results:0
[43542973ms] [ERROR] Failed to load resource: the server responded with a status of 401 () @ https://client-1-77f5570c.flowsbiz.com/api/contacts/queue?limit=1:0
[43543958ms] [ERROR] Failed to load resource: the server responded with a status of 401 () @ https://client-1-77f5570c.flowsbiz.com/api/qr:0
[43545972ms] [ERROR] Failed to load resource: the server responded with a status of 401 () @ https://client-1-77f5570c.flowsbiz.com/api/qr:0
[43547959ms] [ERROR] Failed to load resource: the server responded with a status of 401 () @ https://client-1-77f5570c.flowsbiz.com/api/contacts/queue?limit=1:0
[43547960ms] [ERROR] Failed to load resource: the server responded with a status of 401 () @ https://client-1-77f5570c.flowsbiz.com/api/campaign-results:0
[43547960ms] [ERROR] Failed to load resource: the server responded with a status of 401 () @ https://client-1-77f5570c.flowsbiz.com/api/qr:0
[43549965ms] [ERROR] Failed to load resource: the server responded with a status of 401 () @ https://client-1-77f5570c.flowsbiz.com/api/qr:0
[43551977ms] [ERROR] Failed to load resource: the server responded with a status of 401 () @ https://client-1-77f5570c.flowsbiz.com/api/qr:0
[43552986ms] [ERROR] Failed to load resource: the server responded with a status of 401 () @ https://client-1-77f5570c.flowsbiz.com/api/contacts/queue?limit=1:0
[43552987ms] [ERROR] Failed to load resource: the server responded with a status of 401 () @ https://client-1-77f5570c.flowsbiz.com/api/campaign-results:0
[43553959ms] [ERROR] Failed to load resource: the server responded with a status of 401 () @ https://client-1-77f5570c.flowsbiz.com/api/qr:0
[43555974ms] [ERROR] Failed to load resource: the server responded with a status of 401 () @ https://client-1-77f5570c.flowsbiz.com/api/qr:0
[43557962ms] [ERROR] Failed to load resource: the server responded with a status of 401 () @ https://client-1-77f5570c.flowsbiz.com/api/contacts/queue?limit=1:0
[43557962ms] [ERROR] Failed to load resource: the server responded with a status of 401 () @ https://client-1-77f5570c.flowsbiz.com/api/campaign-results:0
[43557962ms] [ERROR] Failed to load resource: the server responded with a status of 401 () @ https://client-1-77f5570c.flowsbiz.com/api/qr:0
[43559966ms] [ERROR] Failed to load resource: the server responded with a status of 401 () @ https://client-1-77f5570c.flowsbiz.com/api/qr:0
[43561965ms] [ERROR] Failed to load resource: the server responded with a status of 401 () @ https://client-1-77f5570c.flowsbiz.com/api/qr:0
[43562981ms] [ERROR] Failed to load resource: the server responded with a status of 401 () @ https://client-1-77f5570c.flowsbiz.com/api/contacts/queue?limit=1:0
[43562982ms] [ERROR] Failed to load resource: the server responded with a status of 401 () @ https://client-1-77f5570c.flowsbiz.com/api/campaign-results:0
[43563988ms] [ERROR] Failed to load resource: the server responded with a status of 401 () @ https://client-1-77f5570c.flowsbiz.com/api/qr:0
[43565958ms] [ERROR] Failed to load resource: the server responded with a status of 401 () @ https://client-1-77f5570c.flowsbiz.com/api/qr:0
[43567962ms] [ERROR] Failed to load resource: the server responded with a status of 401 () @ https://client-1-77f5570c.flowsbiz.com/api/contacts/queue?limit=1:0
[43567970ms] [ERROR] Failed to load resource: the server responded with a status of 401 () @ https://client-1-77f5570c.flowsbiz.com/api/campaign-results:0
[43567970ms] [ERROR] Failed to load resource: the server responded with a status of 401 () @ https://client-1-77f5570c.flowsbiz.com/api/qr:0
[43569958ms] [ERROR] Failed to load resource: the server responded with a status of 401 () @ https://client-1-77f5570c.flowsbiz.com/api/qr:0
[43571958ms] [ERROR] Failed to load resource: the server responded with a status of 401 () @ https://client-1-77f5570c.flowsbiz.com/api/qr:0
[43572966ms] [ERROR] Failed to load resource: the server responded with a status of 401 () @ https://client-1-77f5570c.flowsbiz.com/api/contacts/queue?limit=1:0
[43572966ms] [ERROR] Failed to load resource: the server responded with a status of 401 () @ https://client-1-77f5570c.flowsbiz.com/api/campaign-results:0
[43573959ms] [ERROR] Failed to load resource: the server responded with a status of 401 () @ https://client-1-77f5570c.flowsbiz.com/api/qr:0
[43575967ms] [ERROR] Failed to load resource: the server responded with a status of 401 () @ https://client-1-77f5570c.flowsbiz.com/api/qr:0
[43577969ms] [ERROR] Failed to load resource: the server responded with a status of 401 () @ https://client-1-77f5570c.flowsbiz.com/api/contacts/queue?limit=1:0
[43577970ms] [ERROR] Failed to load resource: the server responded with a status of 401 () @ https://client-1-77f5570c.flowsbiz.com/api/campaign-results:0
[43577970ms] [ERROR] Failed to load resource: the server responded with a status of 401 () @ https://client-1-77f5570c.flowsbiz.com/api/qr:0
[43579976ms] [ERROR] Failed to load resource: the server responded with a status of 401 () @ https://client-1-77f5570c.flowsbiz.com/api/qr:0
[43581961ms] [ERROR] Failed to load resource: the server responded with a status of 401 () @ https://client-1-77f5570c.flowsbiz.com/api/qr:0
[43582958ms] [ERROR] Failed to load resource: the server responded with a status of 401 () @ https://client-1-77f5570c.flowsbiz.com/api/campaign-results:0
[43582958ms] [ERROR] Failed to load resource: the server responded with a status of 401 () @ https://client-1-77f5570c.flowsbiz.com/api/contacts/queue?limit=1:0
[43583990ms] [ERROR] Failed to load resource: the server responded with a status of 401 () @ https://client-1-77f5570c.flowsbiz.com/api/qr:0
[43585988ms] [ERROR] Failed to load resource: the server responded with a status of 401 () @ https://client-1-77f5570c.flowsbiz.com/api/qr:0
[43587962ms] [ERROR] Failed to load resource: the server responded with a status of 401 () @ https://client-1-77f5570c.flowsbiz.com/api/contacts/queue?limit=1:0
[43587963ms] [ERROR] Failed to load resource: the server responded with a status of 401 () @ https://client-1-77f5570c.flowsbiz.com/api/campaign-results:0
[43587963ms] [ERROR] Failed to load resource: the server responded with a status of 401 () @ https://client-1-77f5570c.flowsbiz.com/api/qr:0
[43589961ms] [ERROR] Failed to load resource: the server responded with a status of 401 () @ https://client-1-77f5570c.flowsbiz.com/api/qr:0
[43591957ms] [ERROR] Failed to load resource: the server responded with a status of 401 () @ https://client-1-77f5570c.flowsbiz.com/api/qr:0
[43592956ms] [ERROR] Failed to load resource: the server responded with a status of 401 () @ https://client-1-77f5570c.flowsbiz.com/api/contacts/queue?limit=1:0
[43592958ms] [ERROR] Failed to load resource: the server responded with a status of 401 () @ https://client-1-77f5570c.flowsbiz.com/api/campaign-results:0
[43593957ms] [ERROR] Failed to load resource: the server responded with a status of 401 () @ https://client-1-77f5570c.flowsbiz.com/api/qr:0
[43595959ms] [ERROR] Failed to load resource: the server responded with a status of 401 () @ https://client-1-77f5570c.flowsbiz.com/api/qr:0
[43597959ms] [ERROR] Failed to load resource: the server responded with a status of 401 () @ https://client-1-77f5570c.flowsbiz.com/api/contacts/queue?limit=1:0
[43597960ms] [ERROR] Failed to load resource: the server responded with a status of 401 () @ https://client-1-77f5570c.flowsbiz.com/api/campaign-results:0
[43597960ms] [ERROR] Failed to load resource: the server responded with a status of 401 () @ https://client-1-77f5570c.flowsbiz.com/api/qr:0
[43599962ms] [ERROR] Failed to load resource: the server responded with a status of 401 () @ https://client-1-77f5570c.flowsbiz.com/api/qr:0
[43601966ms] [ERROR] Failed to load resource: the server responded with a status of 401 () @ https://client-1-77f5570c.flowsbiz.com/api/qr:0
[43602961ms] [ERROR] Failed to load resource: the server responded with a status of 401 () @ https://client-1-77f5570c.flowsbiz.com/api/contacts/queue?limit=1:0
[43602964ms] [ERROR] Failed to load resource: the server responded with a status of 401 () @ https://client-1-77f5570c.flowsbiz.com/api/campaign-results:0
[43603966ms] [ERROR] Failed to load resource: the server responded with a status of 401 () @ https://client-1-77f5570c.flowsbiz.com/api/qr:0
[43605976ms] [ERROR] Failed to load resource: the server responded with a status of 401 () @ https://client-1-77f5570c.flowsbiz.com/api/qr:0
[43607968ms] [ERROR] Failed to load resource: the server responded with a status of 401 () @ https://client-1-77f5570c.flowsbiz.com/api/contacts/queue?limit=1:0
[43607971ms] [ERROR] Failed to load resource: the server responded with a status of 401 () @ https://client-1-77f5570c.flowsbiz.com/api/campaign-results:0
[43607973ms] [ERROR] Failed to load resource: the server responded with a status of 401 () @ https://client-1-77f5570c.flowsbiz.com/api/qr:0
[43609961ms] [ERROR] Failed to load resource: the server responded with a status of 401 () @ https://client-1-77f5570c.flowsbiz.com/api/qr:0
[43611961ms] [ERROR] Failed to load resource: the server responded with a status of 401 () @ https://client-1-77f5570c.flowsbiz.com/api/qr:0
[43612967ms] [ERROR] Failed to load resource: the server responded with a status of 401 () @ https://client-1-77f5570c.flowsbiz.com/api/campaign-results:0
[43612968ms] [ERROR] Failed to load resource: the server responded with a status of 401 () @ https://client-1-77f5570c.flowsbiz.com/api/contacts/queue?limit=1:0
[43613970ms] [ERROR] Failed to load resource: the server responded with a status of 401 () @ https://client-1-77f5570c.flowsbiz.com/api/qr:0
[43615967ms] [ERROR] Failed to load resource: the server responded with a status of 401 () @ https://client-1-77f5570c.flowsbiz.com/api/qr:0
[43617959ms] [ERROR] Failed to load resource: the server responded with a status of 401 () @ https://client-1-77f5570c.flowsbiz.com/api/contacts/queue?limit=1:0
[43617961ms] [ERROR] Failed to load resource: the server responded with a status of 401 () @ https://client-1-77f5570c.flowsbiz.com/api/campaign-results:0
[43617962ms] [ERROR] Failed to load resource: the server responded with a status of 401 () @ https://client-1-77f5570c.flowsbiz.com/api/qr:0
[43619963ms] [ERROR] Failed to load resource: the server responded with a status of 401 () @ https://client-1-77f5570c.flowsbiz.com/api/qr:0
[43622002ms] [ERROR] Failed to load resource: the server responded with a status of 401 () @ https://client-1-77f5570c.flowsbiz.com/api/qr:0
[43622967ms] [ERROR] Failed to load resource: the server responded with a status of 401 () @ https://client-1-77f5570c.flowsbiz.com/api/campaign-results:0
[43622968ms] [ERROR] Failed to load resource: the server responded with a status of 401 () @ https://client-1-77f5570c.flowsbiz.com/api/contacts/queue?limit=1:0
[43623967ms] [ERROR] Failed to load resource: the server responded with a status of 401 () @ https://client-1-77f5570c.flowsbiz.com/api/qr:0
[43625974ms] [ERROR] Failed to load resource: the server responded with a status of 401 () @ https://client-1-77f5570c.flowsbiz.com/api/qr:0
[43627971ms] [ERROR] Failed to load resource: the server responded with a status of 401 () @ https://client-1-77f5570c.flowsbiz.com/api/campaign-results:0
[43627972ms] [ERROR] Failed to load resource: the server responded with a status of 401 () @ https://client-1-77f5570c.flowsbiz.com/api/contacts/queue?limit=1:0
[43627972ms] [ERROR] Failed to load resource: the server responded with a status of 401 () @ https://client-1-77f5570c.flowsbiz.com/api/qr:0
[43629982ms] [ERROR] Failed to load resource: the server responded with a status of 401 () @ https://client-1-77f5570c.flowsbiz.com/api/qr:0
[43631982ms] [ERROR] Failed to load resource: the server responded with a status of 401 () @ https://client-1-77f5570c.flowsbiz.com/api/qr:0
[43632986ms] [ERROR] Failed to load resource: the server responded with a status of 401 () @ https://client-1-77f5570c.flowsbiz.com/api/campaign-results:0
[43632987ms] [ERROR] Failed to load resource: the server responded with a status of 401 () @ https://client-1-77f5570c.flowsbiz.com/api/contacts/queue?limit=1:0
[43633963ms] [ERROR] Failed to load resource: the server responded with a status of 401 () @ https://client-1-77f5570c.flowsbiz.com/api/qr:0
[43635977ms] [ERROR] Failed to load resource: the server responded with a status of 401 () @ https://client-1-77f5570c.flowsbiz.com/api/qr:0
[43637963ms] [ERROR] Failed to load resource: the server responded with a status of 401 () @ https://client-1-77f5570c.flowsbiz.com/api/qr:0
[43637963ms] [ERROR] Failed to load resource: the server responded with a status of 401 () @ https://client-1-77f5570c.flowsbiz.com/api/campaign-results:0
[43637963ms] [ERROR] Failed to load resource: the server responded with a status of 401 () @ https://client-1-77f5570c.flowsbiz.com/api/contacts/queue?limit=1:0
[43639963ms] [ERROR] Failed to load resource: the server responded with a status of 401 () @ https://client-1-77f5570c.flowsbiz.com/api/qr:0
[43641968ms] [ERROR] Failed to load resource: the server responded with a status of 401 () @ https://client-1-77f5570c.flowsbiz.com/api/qr:0
[43642962ms] [ERROR] Failed to load resource: the server responded with a status of 401 () @ https://client-1-77f5570c.flowsbiz.com/api/contacts/queue?limit=1:0
[43642962ms] [ERROR] Failed to load resource: the server responded with a status of 401 () @ https://client-1-77f5570c.flowsbiz.com/api/campaign-results:0
[43643969ms] [ERROR] Failed to load resource: the server responded with a status of 401 () @ https://client-1-77f5570c.flowsbiz.com/api/qr:0
[43645961ms] [ERROR] Failed to load resource: the server responded with a status of 401 () @ https://client-1-77f5570c.flowsbiz.com/api/qr:0
[43647967ms] [ERROR] Failed to load resource: the server responded with a status of 401 () @ https://client-1-77f5570c.flowsbiz.com/api/contacts/queue?limit=1:0
[43647968ms] [ERROR] Failed to load resource: the server responded with a status of 401 () @ https://client-1-77f5570c.flowsbiz.com/api/campaign-results:0
[43647968ms] [ERROR] Failed to load resource: the server responded with a status of 401 () @ https://client-1-77f5570c.flowsbiz.com/api/qr:0
[43649977ms] [ERROR] Failed to load resource: the server responded with a status of 401 () @ https://client-1-77f5570c.flowsbiz.com/api/qr:0
[43651958ms] [ERROR] Failed to load resource: the server responded with a status of 401 () @ https://client-1-77f5570c.flowsbiz.com/api/qr:0
[43652969ms] [ERROR] Failed to load resource: the server responded with a status of 401 () @ https://client-1-77f5570c.flowsbiz.com/api/contacts/queue?limit=1:0
[43652969ms] [ERROR] Failed to load resource: the server responded with a status of 401 () @ https://client-1-77f5570c.flowsbiz.com/api/campaign-results:0
[43653966ms] [ERROR] Failed to load resource: the server responded with a status of 401 () @ https://client-1-77f5570c.flowsbiz.com/api/qr:0
[43655967ms] [ERROR] Failed to load resource: the server responded with a status of 401 () @ https://client-1-77f5570c.flowsbiz.com/api/qr:0
[43657957ms] [ERROR] Failed to load resource: the server responded with a status of 401 () @ https://client-1-77f5570c.flowsbiz.com/api/contacts/queue?limit=1:0
[43657957ms] [ERROR] Failed to load resource: the server responded with a status of 401 () @ https://client-1-77f5570c.flowsbiz.com/api/campaign-results:0
[43657957ms] [ERROR] Failed to load resource: the server responded with a status of 401 () @ https://client-1-77f5570c.flowsbiz.com/api/qr:0
[43659959ms] [ERROR] Failed to load resource: the server responded with a status of 401 () @ https://client-1-77f5570c.flowsbiz.com/api/qr:0
[43661967ms] [ERROR] Failed to load resource: the server responded with a status of 401 () @ https://client-1-77f5570c.flowsbiz.com/api/qr:0
[43662983ms] [ERROR] Failed to load resource: the server responded with a status of 401 () @ https://client-1-77f5570c.flowsbiz.com/api/campaign-results:0
[43662983ms] [ERROR] Failed to load resource: the server responded with a status of 401 () @ https://client-1-77f5570c.flowsbiz.com/api/contacts/queue?limit=1:0
[43663969ms] [ERROR] Failed to load resource: the server responded with a status of 401 () @ https://client-1-77f5570c.flowsbiz.com/api/qr:0
[43665987ms] [ERROR] Failed to load resource: the server responded with a status of 401 () @ https://client-1-77f5570c.flowsbiz.com/api/qr:0
[43667976ms] [ERROR] Failed to load resource: the server responded with a status of 401 () @ https://client-1-77f5570c.flowsbiz.com/api/campaign-results:0
[43667976ms] [ERROR] Failed to load resource: the server responded with a status of 401 () @ https://client-1-77f5570c.flowsbiz.com/api/qr:0
[43667977ms] [ERROR] Failed to load resource: the server responded with a status of 401 () @ https://client-1-77f5570c.flowsbiz.com/api/contacts/queue?limit=1:0
[43669982ms] [ERROR] Failed to load resource: the server responded with a status of 401 () @ https://client-1-77f5570c.flowsbiz.com/api/qr:0
[43671960ms] [ERROR] Failed to load resource: the server responded with a status of 401 () @ https://client-1-77f5570c.flowsbiz.com/api/qr:0
[43672959ms] [ERROR] Failed to load resource: the server responded with a status of 401 () @ https://client-1-77f5570c.flowsbiz.com/api/campaign-results:0
[43672959ms] [ERROR] Failed to load resource: the server responded with a status of 401 () @ https://client-1-77f5570c.flowsbiz.com/api/contacts/queue?limit=1:0
[43673956ms] [ERROR] Failed to load resource: the server responded with a status of 401 () @ https://client-1-77f5570c.flowsbiz.com/api/qr:0
[43675974ms] [ERROR] Failed to load resource: the server responded with a status of 401 () @ https://client-1-77f5570c.flowsbiz.com/api/qr:0
[43677967ms] [ERROR] Failed to load resource: the server responded with a status of 401 () @ https://client-1-77f5570c.flowsbiz.com/api/campaign-results:0
[43677969ms] [ERROR] Failed to load resource: the server responded with a status of 401 () @ https://client-1-77f5570c.flowsbiz.com/api/contacts/queue?limit=1:0
[43677970ms] [ERROR] Failed to load resource: the server responded with a status of 401 () @ https://client-1-77f5570c.flowsbiz.com/api/qr:0
[43679956ms] [ERROR] Failed to load resource: the server responded with a status of 401 () @ https://client-1-77f5570c.flowsbiz.com/api/qr:0
[43681982ms] [ERROR] Failed to load resource: the server responded with a status of 401 () @ https://client-1-77f5570c.flowsbiz.com/api/qr:0
[43682976ms] [ERROR] Failed to load resource: the server responded with a status of 401 () @ https://client-1-77f5570c.flowsbiz.com/api/contacts/queue?limit=1:0
[43682976ms] [ERROR] Failed to load resource: the server responded with a status of 401 () @ https://client-1-77f5570c.flowsbiz.com/api/campaign-results:0
[43683958ms] [ERROR] Failed to load resource: the server responded with a status of 401 () @ https://client-1-77f5570c.flowsbiz.com/api/qr:0
[43685979ms] [ERROR] Failed to load resource: the server responded with a status of 401 () @ https://client-1-77f5570c.flowsbiz.com/api/qr:0
[43687968ms] [ERROR] Failed to load resource: the server responded with a status of 401 () @ https://client-1-77f5570c.flowsbiz.com/api/contacts/queue?limit=1:0
[43687971ms] [ERROR] Failed to load resource: the server responded with a status of 401 () @ https://client-1-77f5570c.flowsbiz.com/api/qr:0
[43687971ms] [ERROR] Failed to load resource: the server responded with a status of 401 () @ https://client-1-77f5570c.flowsbiz.com/api/campaign-results:0
[43689968ms] [ERROR] Failed to load resource: the server responded with a status of 401 () @ https://client-1-77f5570c.flowsbiz.com/api/qr:0
[43691962ms] [ERROR] Failed to load resource: the server responded with a status of 401 () @ https://client-1-77f5570c.flowsbiz.com/api/qr:0
[43692986ms] [ERROR] Failed to load resource: the server responded with a status of 401 () @ https://client-1-77f5570c.flowsbiz.com/api/campaign-results:0
[43692987ms] [ERROR] Failed to load resource: the server responded with a status of 401 () @ https://client-1-77f5570c.flowsbiz.com/api/contacts/queue?limit=1:0
[43693960ms] [ERROR] Failed to load resource: the server responded with a status of 401 () @ https://client-1-77f5570c.flowsbiz.com/api/qr:0
[43695978ms] [ERROR] Failed to load resource: the server responded with a status of 401 () @ https://client-1-77f5570c.flowsbiz.com/api/qr:0
[43697964ms] [ERROR] Failed to load resource: the server responded with a status of 401 () @ https://client-1-77f5570c.flowsbiz.com/api/contacts/queue?limit=1:0
[43697964ms] [ERROR] Failed to load resource: the server responded with a status of 401 () @ https://client-1-77f5570c.flowsbiz.com/api/campaign-results:0
[43697964ms] [ERROR] Failed to load resource: the server responded with a status of 401 () @ https://client-1-77f5570c.flowsbiz.com/api/qr:0
[43699966ms] [ERROR] Failed to load resource: the server responded with a status of 401 () @ https://client-1-77f5570c.flowsbiz.com/api/qr:0
[43701967ms] [ERROR] Failed to load resource: the server responded with a status of 401 () @ https://client-1-77f5570c.flowsbiz.com/api/qr:0
[43702965ms] [ERROR] Failed to load resource: the server responded with a status of 401 () @ https://client-1-77f5570c.flowsbiz.com/api/campaign-results:0
[43702965ms] [ERROR] Failed to load resource: the server responded with a status of 401 () @ https://client-1-77f5570c.flowsbiz.com/api/contacts/queue?limit=1:0
[43703964ms] [ERROR] Failed to load resource: the server responded with a status of 401 () @ https://client-1-77f5570c.flowsbiz.com/api/qr:0
[43705960ms] [ERROR] Failed to load resource: the server responded with a status of 401 () @ https://client-1-77f5570c.flowsbiz.com/api/qr:0
[43707970ms] [ERROR] Failed to load resource: the server responded with a status of 401 () @ https://client-1-77f5570c.flowsbiz.com/api/contacts/queue?limit=1:0
[43707970ms] [ERROR] Failed to load resource: the server responded with a status of 401 () @ https://client-1-77f5570c.flowsbiz.com/api/campaign-results:0
[43707970ms] [ERROR] Failed to load resource: the server responded with a status of 401 () @ https://client-1-77f5570c.flowsbiz.com/api/qr:0
[43709959ms] [ERROR] Failed to load resource: the server responded with a status of 401 () @ https://client-1-77f5570c.flowsbiz.com/api/qr:0
[43711982ms] [ERROR] Failed to load resource: the server responded with a status of 401 () @ https://client-1-77f5570c.flowsbiz.com/api/qr:0
[43712988ms] [ERROR] Failed to load resource: the server responded with a status of 401 () @ https://client-1-77f5570c.flowsbiz.com/api/campaign-results:0
[43712988ms] [ERROR] Failed to load resource: the server responded with a status of 401 () @ https://client-1-77f5570c.flowsbiz.com/api/contacts/queue?limit=1:0
[43713991ms] [ERROR] Failed to load resource: the server responded with a status of 401 () @ https://client-1-77f5570c.flowsbiz.com/api/qr:0
[43715988ms] [ERROR] Failed to load resource: the server responded with a status of 401 () @ https://client-1-77f5570c.flowsbiz.com/api/qr:0
[43717971ms] [ERROR] Failed to load resource: the server responded with a status of 401 () @ https://client-1-77f5570c.flowsbiz.com/api/campaign-results:0
[43717971ms] [ERROR] Failed to load resource: the server responded with a status of 401 () @ https://client-1-77f5570c.flowsbiz.com/api/contacts/queue?limit=1:0
[43717972ms] [ERROR] Failed to load resource: the server responded with a status of 401 () @ https://client-1-77f5570c.flowsbiz.com/api/qr:0
[43719976ms] [ERROR] Failed to load resource: the server responded with a status of 401 () @ https://client-1-77f5570c.flowsbiz.com/api/qr:0
[43721974ms] [ERROR] Failed to load resource: the server responded with a status of 401 () @ https://client-1-77f5570c.flowsbiz.com/api/qr:0
[43722989ms] [ERROR] Failed to load resource: the server responded with a status of 401 () @ https://client-1-77f5570c.flowsbiz.com/api/contacts/queue?limit=1:0
[43722989ms] [ERROR] Failed to load resource: the server responded with a status of 401 () @ https://client-1-77f5570c.flowsbiz.com/api/campaign-results:0
[43723955ms] [ERROR] Failed to load resource: the server responded with a status of 401 () @ https://client-1-77f5570c.flowsbiz.com/api/qr:0
[43725979ms] [ERROR] Failed to load resource: the server responded with a status of 401 () @ https://client-1-77f5570c.flowsbiz.com/api/qr:0
[43727965ms] [ERROR] Failed to load resource: the server responded with a status of 401 () @ https://client-1-77f5570c.flowsbiz.com/api/contacts/queue?limit=1:0
[43727965ms] [ERROR] Failed to load resource: the server responded with a status of 401 () @ https://client-1-77f5570c.flowsbiz.com/api/campaign-results:0
[43727965ms] [ERROR] Failed to load resource: the server responded with a status of 401 () @ https://client-1-77f5570c.flowsbiz.com/api/qr:0
[43729961ms] [ERROR] Failed to load resource: the server responded with a status of 401 () @ https://client-1-77f5570c.flowsbiz.com/api/qr:0
[43731985ms] [ERROR] Failed to load resource: the server responded with a status of 401 () @ https://client-1-77f5570c.flowsbiz.com/api/qr:0
[43732981ms] [ERROR] Failed to load resource: the server responded with a status of 401 () @ https://client-1-77f5570c.flowsbiz.com/api/contacts/queue?limit=1:0
[43732981ms] [ERROR] Failed to load resource: the server responded with a status of 401 () @ https://client-1-77f5570c.flowsbiz.com/api/campaign-results:0
[43733989ms] [ERROR] Failed to load resource: the server responded with a status of 401 () @ https://client-1-77f5570c.flowsbiz.com/api/qr:0
[43735983ms] [ERROR] Failed to load resource: the server responded with a status of 401 () @ https://client-1-77f5570c.flowsbiz.com/api/qr:0
[43737958ms] [ERROR] Failed to load resource: the server responded with a status of 401 () @ https://client-1-77f5570c.flowsbiz.com/api/campaign-results:0
[43737959ms] [ERROR] Failed to load resource: the server responded with a status of 401 () @ https://client-1-77f5570c.flowsbiz.com/api/contacts/queue?limit=1:0
[43737961ms] [ERROR] Failed to load resource: the server responded with a status of 401 () @ https://client-1-77f5570c.flowsbiz.com/api/qr:0
[43739961ms] [ERROR] Failed to load resource: the server responded with a status of 401 () @ https://client-1-77f5570c.flowsbiz.com/api/qr:0
[43741980ms] [ERROR] Failed to load resource: the server responded with a status of 401 () @ https://client-1-77f5570c.flowsbiz.com/api/qr:0
[43742981ms] [ERROR] Failed to load resource: the server responded with a status of 401 () @ https://client-1-77f5570c.flowsbiz.com/api/contacts/queue?limit=1:0
[43742981ms] [ERROR] Failed to load resource: the server responded with a status of 401 () @ https://client-1-77f5570c.flowsbiz.com/api/campaign-results:0
[43743987ms] [ERROR] Failed to load resource: the server responded with a status of 401 () @ https://client-1-77f5570c.flowsbiz.com/api/qr:0
[43746000ms] [ERROR] Failed to load resource: the server responded with a status of 401 () @ https://client-1-77f5570c.flowsbiz.com/api/qr:0
[43747967ms] [ERROR] Failed to load resource: the server responded with a status of 401 () @ https://client-1-77f5570c.flowsbiz.com/api/contacts/queue?limit=1:0
[43747968ms] [ERROR] Failed to load resource: the server responded with a status of 401 () @ https://client-1-77f5570c.flowsbiz.com/api/qr:0
[43747968ms] [ERROR] Failed to load resource: the server responded with a status of 401 () @ https://client-1-77f5570c.flowsbiz.com/api/campaign-results:0
[43749997ms] [ERROR] Failed to load resource: the server responded with a status of 401 () @ https://client-1-77f5570c.flowsbiz.com/api/qr:0
[43751964ms] [ERROR] Failed to load resource: the server responded with a status of 401 () @ https://client-1-77f5570c.flowsbiz.com/api/qr:0
[43752958ms] [ERROR] Failed to load resource: the server responded with a status of 401 () @ https://client-1-77f5570c.flowsbiz.com/api/campaign-results:0
[43752959ms] [ERROR] Failed to load resource: the server responded with a status of 401 () @ https://client-1-77f5570c.flowsbiz.com/api/contacts/queue?limit=1:0
[43753960ms] [ERROR] Failed to load resource: the server responded with a status of 401 () @ https://client-1-77f5570c.flowsbiz.com/api/qr:0
[43755967ms] [ERROR] Failed to load resource: the server responded with a status of 401 () @ https://client-1-77f5570c.flowsbiz.com/api/qr:0
[43757973ms] [ERROR] Failed to load resource: the server responded with a status of 401 () @ https://client-1-77f5570c.flowsbiz.com/api/campaign-results:0
[43757974ms] [ERROR] Failed to load resource: the server responded with a status of 401 () @ https://client-1-77f5570c.flowsbiz.com/api/contacts/queue?limit=1:0
[43757974ms] [ERROR] Failed to load resource: the server responded with a status of 401 () @ https://client-1-77f5570c.flowsbiz.com/api/qr:0
[43759963ms] [ERROR] Failed to load resource: the server responded with a status of 401 () @ https://client-1-77f5570c.flowsbiz.com/api/qr:0
[43761975ms] [ERROR] Failed to load resource: the server responded with a status of 401 () @ https://client-1-77f5570c.flowsbiz.com/api/qr:0
[43762958ms] [ERROR] Failed to load resource: the server responded with a status of 401 () @ https://client-1-77f5570c.flowsbiz.com/api/contacts/queue?limit=1:0
[43762958ms] [ERROR] Failed to load resource: the server responded with a status of 401 () @ https://client-1-77f5570c.flowsbiz.com/api/campaign-results:0
[43763989ms] [ERROR] Failed to load resource: the server responded with a status of 401 () @ https://client-1-77f5570c.flowsbiz.com/api/qr:0
[43765985ms] [ERROR] Failed to load resource: the server responded with a status of 401 () @ https://client-1-77f5570c.flowsbiz.com/api/qr:0
[43767980ms] [ERROR] Failed to load resource: the server responded with a status of 401 () @ https://client-1-77f5570c.flowsbiz.com/api/campaign-results:0
[43767980ms] [ERROR] Failed to load resource: the server responded with a status of 401 () @ https://client-1-77f5570c.flowsbiz.com/api/contacts/queue?limit=1:0
[43767981ms] [ERROR] Failed to load resource: the server responded with a status of 401 () @ https://client-1-77f5570c.flowsbiz.com/api/qr:0
[43769987ms] [ERROR] Failed to load resource: the server responded with a status of 401 () @ https://client-1-77f5570c.flowsbiz.com/api/qr:0
[43771980ms] [ERROR] Failed to load resource: the server responded with a status of 401 () @ https://client-1-77f5570c.flowsbiz.com/api/qr:0
[43772987ms] [ERROR] Failed to load resource: the server responded with a status of 401 () @ https://client-1-77f5570c.flowsbiz.com/api/campaign-results:0
[43772988ms] [ERROR] Failed to load resource: the server responded with a status of 401 () @ https://client-1-77f5570c.flowsbiz.com/api/contacts/queue?limit=1:0
[43773983ms] [ERROR] Failed to load resource: the server responded with a status of 401 () @ https://client-1-77f5570c.flowsbiz.com/api/qr:0
[43775962ms] [ERROR] Failed to load resource: the server responded with a status of 401 () @ https://client-1-77f5570c.flowsbiz.com/api/qr:0
[43777963ms] [ERROR] Failed to load resource: the server responded with a status of 401 () @ https://client-1-77f5570c.flowsbiz.com/api/contacts/queue?limit=1:0
[43777967ms] [ERROR] Failed to load resource: the server responded with a status of 401 () @ https://client-1-77f5570c.flowsbiz.com/api/campaign-results:0
[43777967ms] [ERROR] Failed to load resource: the server responded with a status of 401 () @ https://client-1-77f5570c.flowsbiz.com/api/qr:0
[43779983ms] [ERROR] Failed to load resource: the server responded with a status of 401 () @ https://client-1-77f5570c.flowsbiz.com/api/qr:0
[43781984ms] [ERROR] Failed to load resource: the server responded with a status of 401 () @ https://client-1-77f5570c.flowsbiz.com/api/qr:0
[43782970ms] [ERROR] Failed to load resource: the server responded with a status of 401 () @ https://client-1-77f5570c.flowsbiz.com/api/contacts/queue?limit=1:0
[43782970ms] [ERROR] Failed to load resource: the server responded with a status of 401 () @ https://client-1-77f5570c.flowsbiz.com/api/campaign-results:0
[43783960ms] [ERROR] Failed to load resource: the server responded with a status of 401 () @ https://client-1-77f5570c.flowsbiz.com/api/qr:0
[43785989ms] [ERROR] Failed to load resource: the server responded with a status of 401 () @ https://client-1-77f5570c.flowsbiz.com/api/qr:0
[43787979ms] [ERROR] Failed to load resource: the server responded with a status of 401 () @ https://client-1-77f5570c.flowsbiz.com/api/contacts/queue?limit=1:0
[43787980ms] [ERROR] Failed to load resource: the server responded with a status of 401 () @ https://client-1-77f5570c.flowsbiz.com/api/campaign-results:0
[43787984ms] [ERROR] Failed to load resource: the server responded with a status of 401 () @ https://client-1-77f5570c.flowsbiz.com/api/qr:0
[43789959ms] [ERROR] Failed to load resource: the server responded with a status of 401 () @ https://client-1-77f5570c.flowsbiz.com/api/qr:0
[43792032ms] [ERROR] Failed to load resource: the server responded with a status of 401 () @ https://client-1-77f5570c.flowsbiz.com/api/qr:0
[43792991ms] [ERROR] Failed to load resource: the server responded with a status of 401 () @ https://client-1-77f5570c.flowsbiz.com/api/campaign-results:0
[43792992ms] [ERROR] Failed to load resource: the server responded with a status of 401 () @ https://client-1-77f5570c.flowsbiz.com/api/contacts/queue?limit=1:0
[43793959ms] [ERROR] Failed to load resource: the server responded with a status of 401 () @ https://client-1-77f5570c.flowsbiz.com/api/qr:0
[43795967ms] [ERROR] Failed to load resource: the server responded with a status of 401 () @ https://client-1-77f5570c.flowsbiz.com/api/qr:0
[43797967ms] [ERROR] Failed to load resource: the server responded with a status of 401 () @ https://client-1-77f5570c.flowsbiz.com/api/contacts/queue?limit=1:0
[43797967ms] [ERROR] Failed to load resource: the server responded with a status of 401 () @ https://client-1-77f5570c.flowsbiz.com/api/qr:0
[43797967ms] [ERROR] Failed to load resource: the server responded with a status of 401 () @ https://client-1-77f5570c.flowsbiz.com/api/campaign-results:0
[43799963ms] [ERROR] Failed to load resource: the server responded with a status of 401 () @ https://client-1-77f5570c.flowsbiz.com/api/qr:0
[43801961ms] [ERROR] Failed to load resource: the server responded with a status of 401 () @ https://client-1-77f5570c.flowsbiz.com/api/qr:0
[43802965ms] [ERROR] Failed to load resource: the server responded with a status of 401 () @ https://client-1-77f5570c.flowsbiz.com/api/contacts/queue?limit=1:0
[43802965ms] [ERROR] Failed to load resource: the server responded with a status of 401 () @ https://client-1-77f5570c.flowsbiz.com/api/campaign-results:0
[43803964ms] [ERROR] Failed to load resource: the server responded with a status of 401 () @ https://client-1-77f5570c.flowsbiz.com/api/qr:0
[43805987ms] [ERROR] Failed to load resource: the server responded with a status of 401 () @ https://client-1-77f5570c.flowsbiz.com/api/qr:0
[43807970ms] [ERROR] Failed to load resource: the server responded with a status of 401 () @ https://client-1-77f5570c.flowsbiz.com/api/contacts/queue?limit=1:0
[43807970ms] [ERROR] Failed to load resource: the server responded with a status of 401 () @ https://client-1-77f5570c.flowsbiz.com/api/qr:0
[43807970ms] [ERROR] Failed to load resource: the server responded with a status of 401 () @ https://client-1-77f5570c.flowsbiz.com/api/campaign-results:0
[43809964ms] [ERROR] Failed to load resource: the server responded with a status of 401 () @ https://client-1-77f5570c.flowsbiz.com/api/qr:0
[43811967ms] [ERROR] Failed to load resource: the server responded with a status of 401 () @ https://client-1-77f5570c.flowsbiz.com/api/qr:0
[43812969ms] [ERROR] Failed to load resource: the server responded with a status of 401 () @ https://client-1-77f5570c.flowsbiz.com/api/contacts/queue?limit=1:0
[43812970ms] [ERROR] Failed to load resource: the server responded with a status of 401 () @ https://client-1-77f5570c.flowsbiz.com/api/campaign-results:0
[43813966ms] [ERROR] Failed to load resource: the server responded with a status of 401 () @ https://client-1-77f5570c.flowsbiz.com/api/qr:0
[43815970ms] [ERROR] Failed to load resource: the server responded with a status of 401 () @ https://client-1-77f5570c.flowsbiz.com/api/qr:0
[43817961ms] [ERROR] Failed to load resource: the server responded with a status of 401 () @ https://client-1-77f5570c.flowsbiz.com/api/contacts/queue?limit=1:0
[43817961ms] [ERROR] Failed to load resource: the server responded with a status of 401 () @ https://client-1-77f5570c.flowsbiz.com/api/campaign-results:0
[43817962ms] [ERROR] Failed to load resource: the server responded with a status of 401 () @ https://client-1-77f5570c.flowsbiz.com/api/qr:0
[43819985ms] [ERROR] Failed to load resource: the server responded with a status of 401 () @ https://client-1-77f5570c.flowsbiz.com/api/qr:0
[43821968ms] [ERROR] Failed to load resource: the server responded with a status of 401 () @ https://client-1-77f5570c.flowsbiz.com/api/qr:0
[43823006ms] [ERROR] Failed to load resource: the server responded with a status of 401 () @ https://client-1-77f5570c.flowsbiz.com/api/contacts/queue?limit=1:0
[43823006ms] [ERROR] Failed to load resource: the server responded with a status of 401 () @ https://client-1-77f5570c.flowsbiz.com/api/campaign-results:0
[43824049ms] [ERROR] Failed to load resource: the server responded with a status of 401 () @ https://client-1-77f5570c.flowsbiz.com/api/qr:0
[43825985ms] [ERROR] Failed to load resource: the server responded with a status of 401 () @ https://client-1-77f5570c.flowsbiz.com/api/qr:0
[43827974ms] [ERROR] Failed to load resource: the server responded with a status of 401 () @ https://client-1-77f5570c.flowsbiz.com/api/campaign-results:0
[43827974ms] [ERROR] Failed to load resource: the server responded with a status of 401 () @ https://client-1-77f5570c.flowsbiz.com/api/contacts/queue?limit=1:0
[43827974ms] [ERROR] Failed to load resource: the server responded with a status of 401 () @ https://client-1-77f5570c.flowsbiz.com/api/qr:0
[43829969ms] [ERROR] Failed to load resource: the server responded with a status of 401 () @ https://client-1-77f5570c.flowsbiz.com/api/qr:0
[43831976ms] [ERROR] Failed to load resource: the server responded with a status of 401 () @ https://client-1-77f5570c.flowsbiz.com/api/qr:0
[43832962ms] [ERROR] Failed to load resource: the server responded with a status of 401 () @ https://client-1-77f5570c.flowsbiz.com/api/campaign-results:0
[43832962ms] [ERROR] Failed to load resource: the server responded with a status of 401 () @ https://client-1-77f5570c.flowsbiz.com/api/contacts/queue?limit=1:0
[43833988ms] [ERROR] Failed to load resource: the server responded with a status of 401 () @ https://client-1-77f5570c.flowsbiz.com/api/qr:0
[43835992ms] [ERROR] Failed to load resource: the server responded with a status of 401 () @ https://client-1-77f5570c.flowsbiz.com/api/qr:0
[43837975ms] [ERROR] Failed to load resource: the server responded with a status of 401 () @ https://client-1-77f5570c.flowsbiz.com/api/contacts/queue?limit=1:0
[43837975ms] [ERROR] Failed to load resource: the server responded with a status of 401 () @ https://client-1-77f5570c.flowsbiz.com/api/qr:0
[43837978ms] [ERROR] Failed to load resource: the server responded with a status of 401 () @ https://client-1-77f5570c.flowsbiz.com/api/campaign-results:0
[43839977ms] [ERROR] Failed to load resource: the server responded with a status of 401 () @ https://client-1-77f5570c.flowsbiz.com/api/qr:0
[43841968ms] [ERROR] Failed to load resource: the server responded with a status of 401 () @ https://client-1-77f5570c.flowsbiz.com/api/qr:0
[43842963ms] [ERROR] Failed to load resource: the server responded with a status of 401 () @ https://client-1-77f5570c.flowsbiz.com/api/contacts/queue?limit=1:0
[43842964ms] [ERROR] Failed to load resource: the server responded with a status of 401 () @ https://client-1-77f5570c.flowsbiz.com/api/campaign-results:0
[43843962ms] [ERROR] Failed to load resource: the server responded with a status of 401 () @ https://client-1-77f5570c.flowsbiz.com/api/qr:0
[43845962ms] [ERROR] Failed to load resource: the server responded with a status of 401 () @ https://client-1-77f5570c.flowsbiz.com/api/qr:0
[43847960ms] [ERROR] Failed to load resource: the server responded with a status of 401 () @ https://client-1-77f5570c.flowsbiz.com/api/qr:0
[43847960ms] [ERROR] Failed to load resource: the server responded with a status of 401 () @ https://client-1-77f5570c.flowsbiz.com/api/contacts/queue?limit=1:0
[43847960ms] [ERROR] Failed to load resource: the server responded with a status of 401 () @ https://client-1-77f5570c.flowsbiz.com/api/campaign-results:0
[43849963ms] [ERROR] Failed to load resource: the server responded with a status of 401 () @ https://client-1-77f5570c.flowsbiz.com/api/qr:0
[43851963ms] [ERROR] Failed to load resource: the server responded with a status of 401 () @ https://client-1-77f5570c.flowsbiz.com/api/qr:0
[43852965ms] [ERROR] Failed to load resource: the server responded with a status of 401 () @ https://client-1-77f5570c.flowsbiz.com/api/contacts/queue?limit=1:0
[43852965ms] [ERROR] Failed to load resource: the server responded with a status of 401 () @ https://client-1-77f5570c.flowsbiz.com/api/campaign-results:0
[43853965ms] [ERROR] Failed to load resource: the server responded with a status of 401 () @ https://client-1-77f5570c.flowsbiz.com/api/qr:0
[43855988ms] [ERROR] Failed to load resource: the server responded with a status of 401 () @ https://client-1-77f5570c.flowsbiz.com/api/qr:0
[43857973ms] [ERROR] Failed to load resource: the server responded with a status of 401 () @ https://client-1-77f5570c.flowsbiz.com/api/qr:0
[43857974ms] [ERROR] Failed to load resource: the server responded with a status of 401 () @ https://client-1-77f5570c.flowsbiz.com/api/contacts/queue?limit=1:0
[43857974ms] [ERROR] Failed to load resource: the server responded with a status of 401 () @ https://client-1-77f5570c.flowsbiz.com/api/campaign-results:0
[43859993ms] [ERROR] Failed to load resource: the server responded with a status of 401 () @ https://client-1-77f5570c.flowsbiz.com/api/qr:0
[43861989ms] [ERROR] Failed to load resource: the server responded with a status of 401 () @ https://client-1-77f5570c.flowsbiz.com/api/qr:0
[43862970ms] [ERROR] Failed to load resource: the server responded with a status of 401 () @ https://client-1-77f5570c.flowsbiz.com/api/contacts/queue?limit=1:0
[43862970ms] [ERROR] Failed to load resource: the server responded with a status of 401 () @ https://client-1-77f5570c.flowsbiz.com/api/campaign-results:0
[43863978ms] [ERROR] Failed to load resource: the server responded with a status of 401 () @ https://client-1-77f5570c.flowsbiz.com/api/qr:0
[43866014ms] [ERROR] Failed to load resource: the server responded with a status of 401 () @ https://client-1-77f5570c.flowsbiz.com/api/qr:0
[43867974ms] [ERROR] Failed to load resource: the server responded with a status of 401 () @ https://client-1-77f5570c.flowsbiz.com/api/contacts/queue?limit=1:0
[43867975ms] [ERROR] Failed to load resource: the server responded with a status of 401 () @ https://client-1-77f5570c.flowsbiz.com/api/campaign-results:0
[43867975ms] [ERROR] Failed to load resource: the server responded with a status of 401 () @ https://client-1-77f5570c.flowsbiz.com/api/qr:0
[43869988ms] [ERROR] Failed to load resource: the server responded with a status of 401 () @ https://client-1-77f5570c.flowsbiz.com/api/qr:0
[43871989ms] [ERROR] Failed to load resource: the server responded with a status of 401 () @ https://client-1-77f5570c.flowsbiz.com/api/qr:0
[43872968ms] [ERROR] Failed to load resource: the server responded with a status of 401 () @ https://client-1-77f5570c.flowsbiz.com/api/contacts/queue?limit=1:0
[43872969ms] [ERROR] Failed to load resource: the server responded with a status of 401 () @ https://client-1-77f5570c.flowsbiz.com/api/campaign-results:0
[43873969ms] [ERROR] Failed to load resource: the server responded with a status of 401 () @ https://client-1-77f5570c.flowsbiz.com/api/qr:0
[43875964ms] [ERROR] Failed to load resource: the server responded with a status of 401 () @ https://client-1-77f5570c.flowsbiz.com/api/qr:0
[43877969ms] [ERROR] Failed to load resource: the server responded with a status of 401 () @ https://client-1-77f5570c.flowsbiz.com/api/qr:0
[43877970ms] [ERROR] Failed to load resource: the server responded with a status of 401 () @ https://client-1-77f5570c.flowsbiz.com/api/campaign-results:0
[43877970ms] [ERROR] Failed to load resource: the server responded with a status of 401 () @ https://client-1-77f5570c.flowsbiz.com/api/contacts/queue?limit=1:0
[43879971ms] [ERROR] Failed to load resource: the server responded with a status of 401 () @ https://client-1-77f5570c.flowsbiz.com/api/qr:0
[43881980ms] [ERROR] Failed to load resource: the server responded with a status of 401 () @ https://client-1-77f5570c.flowsbiz.com/api/qr:0
[43882990ms] [ERROR] Failed to load resource: the server responded with a status of 401 () @ https://client-1-77f5570c.flowsbiz.com/api/contacts/queue?limit=1:0
[43882990ms] [ERROR] Failed to load resource: the server responded with a status of 401 () @ https://client-1-77f5570c.flowsbiz.com/api/campaign-results:0
[43883988ms] [ERROR] Failed to load resource: the server responded with a status of 401 () @ https://client-1-77f5570c.flowsbiz.com/api/qr:0
[43885978ms] [ERROR] Failed to load resource: the server responded with a status of 401 () @ https://client-1-77f5570c.flowsbiz.com/api/qr:0
[43887972ms] [ERROR] Failed to load resource: the server responded with a status of 401 () @ https://client-1-77f5570c.flowsbiz.com/api/campaign-results:0
[43887972ms] [ERROR] Failed to load resource: the server responded with a status of 401 () @ https://client-1-77f5570c.flowsbiz.com/api/contacts/queue?limit=1:0
[43887973ms] [ERROR] Failed to load resource: the server responded with a status of 401 () @ https://client-1-77f5570c.flowsbiz.com/api/qr:0
[43889988ms] [ERROR] Failed to load resource: the server responded with a status of 401 () @ https://client-1-77f5570c.flowsbiz.com/api/qr:0
[43891962ms] [ERROR] Failed to load resource: the server responded with a status of 401 () @ https://client-1-77f5570c.flowsbiz.com/api/qr:0
[43892983ms] [ERROR] Failed to load resource: the server responded with a status of 401 () @ https://client-1-77f5570c.flowsbiz.com/api/contacts/queue?limit=1:0
[43892983ms] [ERROR] Failed to load resource: the server responded with a status of 401 () @ https://client-1-77f5570c.flowsbiz.com/api/campaign-results:0
[43893979ms] [ERROR] Failed to load resource: the server responded with a status of 401 () @ https://client-1-77f5570c.flowsbiz.com/api/qr:0
[43895972ms] [ERROR] Failed to load resource: the server responded with a status of 401 () @ https://client-1-77f5570c.flowsbiz.com/api/qr:0
[43897962ms] [ERROR] Failed to load resource: the server responded with a status of 401 () @ https://client-1-77f5570c.flowsbiz.com/api/contacts/queue?limit=1:0
[43897964ms] [ERROR] Failed to load resource: the server responded with a status of 401 () @ https://client-1-77f5570c.flowsbiz.com/api/campaign-results:0
[43897964ms] [ERROR] Failed to load resource: the server responded with a status of 401 () @ https://client-1-77f5570c.flowsbiz.com/api/qr:0
[43899976ms] [ERROR] Failed to load resource: the server responded with a status of 401 () @ https://client-1-77f5570c.flowsbiz.com/api/qr:0
[43901987ms] [ERROR] Failed to load resource: the server responded with a status of 401 () @ https://client-1-77f5570c.flowsbiz.com/api/qr:0
[43902958ms] [ERROR] Failed to load resource: the server responded with a status of 401 () @ https://client-1-77f5570c.flowsbiz.com/api/contacts/queue?limit=1:0
[43902959ms] [ERROR] Failed to load resource: the server responded with a status of 401 () @ https://client-1-77f5570c.flowsbiz.com/api/campaign-results:0
[43903961ms] [ERROR] Failed to load resource: the server responded with a status of 401 () @ https://client-1-77f5570c.flowsbiz.com/api/qr:0
[43905978ms] [ERROR] Failed to load resource: the server responded with a status of 401 () @ https://client-1-77f5570c.flowsbiz.com/api/qr:0
[43907977ms] [ERROR] Failed to load resource: the server responded with a status of 401 () @ https://client-1-77f5570c.flowsbiz.com/api/qr:0
[43907977ms] [ERROR] Failed to load resource: the server responded with a status of 401 () @ https://client-1-77f5570c.flowsbiz.com/api/contacts/queue?limit=1:0
[43907978ms] [ERROR] Failed to load resource: the server responded with a status of 401 () @ https://client-1-77f5570c.flowsbiz.com/api/campaign-results:0
[43909980ms] [ERROR] Failed to load resource: the server responded with a status of 401 () @ https://client-1-77f5570c.flowsbiz.com/api/qr:0
[43911966ms] [ERROR] Failed to load resource: the server responded with a status of 401 () @ https://client-1-77f5570c.flowsbiz.com/api/qr:0
[43912978ms] [ERROR] Failed to load resource: the server responded with a status of 401 () @ https://client-1-77f5570c.flowsbiz.com/api/contacts/queue?limit=1:0
[43912978ms] [ERROR] Failed to load resource: the server responded with a status of 401 () @ https://client-1-77f5570c.flowsbiz.com/api/campaign-results:0
[43913978ms] [ERROR] Failed to load resource: the server responded with a status of 401 () @ https://client-1-77f5570c.flowsbiz.com/api/qr:0
[43915981ms] [ERROR] Failed to load resource: the server responded with a status of 401 () @ https://client-1-77f5570c.flowsbiz.com/api/qr:0
[43917968ms] [ERROR] Failed to load resource: the server responded with a status of 401 () @ https://client-1-77f5570c.flowsbiz.com/api/campaign-results:0
[43917969ms] [ERROR] Failed to load resource: the server responded with a status of 401 () @ https://client-1-77f5570c.flowsbiz.com/api/contacts/queue?limit=1:0
[43917973ms] [ERROR] Failed to load resource: the server responded with a status of 401 () @ https://client-1-77f5570c.flowsbiz.com/api/qr:0
[43919984ms] [ERROR] Failed to load resource: the server responded with a status of 401 () @ https://client-1-77f5570c.flowsbiz.com/api/qr:0
[43921984ms] [ERROR] Failed to load resource: the server responded with a status of 401 () @ https://client-1-77f5570c.flowsbiz.com/api/qr:0
[43922956ms] [ERROR] Failed to load resource: the server responded with a status of 401 () @ https://client-1-77f5570c.flowsbiz.com/api/campaign-results:0
[43922956ms] [ERROR] Failed to load resource: the server responded with a status of 401 () @ https://client-1-77f5570c.flowsbiz.com/api/contacts/queue?limit=1:0
[43923964ms] [ERROR] Failed to load resource: the server responded with a status of 401 () @ https://client-1-77f5570c.flowsbiz.com/api/qr:0
[43925975ms] [ERROR] Failed to load resource: the server responded with a status of 401 () @ https://client-1-77f5570c.flowsbiz.com/api/qr:0
[43927965ms] [ERROR] Failed to load resource: the server responded with a status of 401 () @ https://client-1-77f5570c.flowsbiz.com/api/contacts/queue?limit=1:0
[43927965ms] [ERROR] Failed to load resource: the server responded with a status of 401 () @ https://client-1-77f5570c.flowsbiz.com/api/qr:0
[43927965ms] [ERROR] Failed to load resource: the server responded with a status of 401 () @ https://client-1-77f5570c.flowsbiz.com/api/campaign-results:0
[43929971ms] [ERROR] Failed to load resource: the server responded with a status of 401 () @ https://client-1-77f5570c.flowsbiz.com/api/qr:0
[43931984ms] [ERROR] Failed to load resource: the server responded with a status of 401 () @ https://client-1-77f5570c.flowsbiz.com/api/qr:0
[43932978ms] [ERROR] Failed to load resource: the server responded with a status of 401 () @ https://client-1-77f5570c.flowsbiz.com/api/contacts/queue?limit=1:0
[43932979ms] [ERROR] Failed to load resource: the server responded with a status of 401 () @ https://client-1-77f5570c.flowsbiz.com/api/campaign-results:0
[43933962ms] [ERROR] Failed to load resource: the server responded with a status of 401 () @ https://client-1-77f5570c.flowsbiz.com/api/qr:0
[43935983ms] [ERROR] Failed to load resource: the server responded with a status of 401 () @ https://client-1-77f5570c.flowsbiz.com/api/qr:0
[43937958ms] [ERROR] Failed to load resource: the server responded with a status of 401 () @ https://client-1-77f5570c.flowsbiz.com/api/contacts/queue?limit=1:0
[43937960ms] [ERROR] Failed to load resource: the server responded with a status of 401 () @ https://client-1-77f5570c.flowsbiz.com/api/qr:0
[43937961ms] [ERROR] Failed to load resource: the server responded with a status of 401 () @ https://client-1-77f5570c.flowsbiz.com/api/campaign-results:0
[43939981ms] [ERROR] Failed to load resource: the server responded with a status of 401 () @ https://client-1-77f5570c.flowsbiz.com/api/qr:0
[43941965ms] [ERROR] Failed to load resource: the server responded with a status of 401 () @ https://client-1-77f5570c.flowsbiz.com/api/qr:0
[43942963ms] [ERROR] Failed to load resource: the server responded with a status of 401 () @ https://client-1-77f5570c.flowsbiz.com/api/campaign-results:0
[43942963ms] [ERROR] Failed to load resource: the server responded with a status of 401 () @ https://client-1-77f5570c.flowsbiz.com/api/contacts/queue?limit=1:0
[43943985ms] [ERROR] Failed to load resource: the server responded with a status of 401 () @ https://client-1-77f5570c.flowsbiz.com/api/qr:0
[43945984ms] [ERROR] Failed to load resource: the server responded with a status of 401 () @ https://client-1-77f5570c.flowsbiz.com/api/qr:0
[43947984ms] [ERROR] Failed to load resource: the server responded with a status of 401 () @ https://client-1-77f5570c.flowsbiz.com/api/qr:0
[43947984ms] [ERROR] Failed to load resource: the server responded with a status of 401 () @ https://client-1-77f5570c.flowsbiz.com/api/campaign-results:0
[43947984ms] [ERROR] Failed to load resource: the server responded with a status of 401 () @ https://client-1-77f5570c.flowsbiz.com/api/contacts/queue?limit=1:0
[43949970ms] [ERROR] Failed to load resource: the server responded with a status of 401 () @ https://client-1-77f5570c.flowsbiz.com/api/qr:0
[43951960ms] [ERROR] Failed to load resource: the server responded with a status of 401 () @ https://client-1-77f5570c.flowsbiz.com/api/qr:0
[43952976ms] [ERROR] Failed to load resource: the server responded with a status of 401 () @ https://client-1-77f5570c.flowsbiz.com/api/campaign-results:0
[43952976ms] [ERROR] Failed to load resource: the server responded with a status of 401 () @ https://client-1-77f5570c.flowsbiz.com/api/contacts/queue?limit=1:0
[43953988ms] [ERROR] Failed to load resource: the server responded with a status of 401 () @ https://client-1-77f5570c.flowsbiz.com/api/qr:0
[43955984ms] [ERROR] Failed to load resource: the server responded with a status of 401 () @ https://client-1-77f5570c.flowsbiz.com/api/qr:0
[43957971ms] [ERROR] Failed to load resource: the server responded with a status of 401 () @ https://client-1-77f5570c.flowsbiz.com/api/contacts/queue?limit=1:0
[43957972ms] [ERROR] Failed to load resource: the server responded with a status of 401 () @ https://client-1-77f5570c.flowsbiz.com/api/campaign-results:0
[43957972ms] [ERROR] Failed to load resource: the server responded with a status of 401 () @ https://client-1-77f5570c.flowsbiz.com/api/qr:0
[43959982ms] [ERROR] Failed to load resource: the server responded with a status of 401 () @ https://client-1-77f5570c.flowsbiz.com/api/qr:0
[43961981ms] [ERROR] Failed to load resource: the server responded with a status of 401 () @ https://client-1-77f5570c.flowsbiz.com/api/qr:0
[43962987ms] [ERROR] Failed to load resource: the server responded with a status of 401 () @ https://client-1-77f5570c.flowsbiz.com/api/campaign-results:0
[43962988ms] [ERROR] Failed to load resource: the server responded with a status of 401 () @ https://client-1-77f5570c.flowsbiz.com/api/contacts/queue?limit=1:0
[43963970ms] [ERROR] Failed to load resource: the server responded with a status of 401 () @ https://client-1-77f5570c.flowsbiz.com/api/qr:0
[43965989ms] [ERROR] Failed to load resource: the server responded with a status of 401 () @ https://client-1-77f5570c.flowsbiz.com/api/qr:0
[43967982ms] [ERROR] Failed to load resource: the server responded with a status of 401 () @ https://client-1-77f5570c.flowsbiz.com/api/contacts/queue?limit=1:0
[43967983ms] [ERROR] Failed to load resource: the server responded with a status of 401 () @ https://client-1-77f5570c.flowsbiz.com/api/campaign-results:0
[43967983ms] [ERROR] Failed to load resource: the server responded with a status of 401 () @ https://client-1-77f5570c.flowsbiz.com/api/qr:0
[43969968ms] [ERROR] Failed to load resource: the server responded with a status of 401 () @ https://client-1-77f5570c.flowsbiz.com/api/qr:0
[43971963ms] [ERROR] Failed to load resource: the server responded with a status of 401 () @ https://client-1-77f5570c.flowsbiz.com/api/qr:0
[43972968ms] [ERROR] Failed to load resource: the server responded with a status of 401 () @ https://client-1-77f5570c.flowsbiz.com/api/campaign-results:0
[43972969ms] [ERROR] Failed to load resource: the server responded with a status of 401 () @ https://client-1-77f5570c.flowsbiz.com/api/contacts/queue?limit=1:0
[43973956ms] [ERROR] Failed to load resource: the server responded with a status of 401 () @ https://client-1-77f5570c.flowsbiz.com/api/qr:0
[43975998ms] [ERROR] Failed to load resource: the server responded with a status of 401 () @ https://client-1-77f5570c.flowsbiz.com/api/qr:0
[43977958ms] [ERROR] Failed to load resource: the server responded with a status of 401 () @ https://client-1-77f5570c.flowsbiz.com/api/contacts/queue?limit=1:0
[43977959ms] [ERROR] Failed to load resource: the server responded with a status of 401 () @ https://client-1-77f5570c.flowsbiz.com/api/campaign-results:0
[43977959ms] [ERROR] Failed to load resource: the server responded with a status of 401 () @ https://client-1-77f5570c.flowsbiz.com/api/qr:0
[43979968ms] [ERROR] Failed to load resource: the server responded with a status of 401 () @ https://client-1-77f5570c.flowsbiz.com/api/qr:0
[43981986ms] [ERROR] Failed to load resource: the server responded with a status of 401 () @ https://client-1-77f5570c.flowsbiz.com/api/qr:0
[43982985ms] [ERROR] Failed to load resource: the server responded with a status of 401 () @ https://client-1-77f5570c.flowsbiz.com/api/contacts/queue?limit=1:0
[43982985ms] [ERROR] Failed to load resource: the server responded with a status of 401 () @ https://client-1-77f5570c.flowsbiz.com/api/campaign-results:0
[43983987ms] [ERROR] Failed to load resource: the server responded with a status of 401 () @ https://client-1-77f5570c.flowsbiz.com/api/qr:0
[43985978ms] [ERROR] Failed to load resource: the server responded with a status of 401 () @ https://client-1-77f5570c.flowsbiz.com/api/qr:0
[43987987ms] [ERROR] Failed to load resource: the server responded with a status of 401 () @ https://client-1-77f5570c.flowsbiz.com/api/campaign-results:0
[43987991ms] [ERROR] Failed to load resource: the server responded with a status of 401 () @ https://client-1-77f5570c.flowsbiz.com/api/contacts/queue?limit=1:0
[43987991ms] [ERROR] Failed to load resource: the server responded with a status of 401 () @ https://client-1-77f5570c.flowsbiz.com/api/qr:0
[43989972ms] [ERROR] Failed to load resource: the server responded with a status of 401 () @ https://client-1-77f5570c.flowsbiz.com/api/qr:0
[43991981ms] [ERROR] Failed to load resource: the server responded with a status of 401 () @ https://client-1-77f5570c.flowsbiz.com/api/qr:0
[43992962ms] [ERROR] Failed to load resource: the server responded with a status of 401 () @ https://client-1-77f5570c.flowsbiz.com/api/campaign-results:0
[43992963ms] [ERROR] Failed to load resource: the server responded with a status of 401 () @ https://client-1-77f5570c.flowsbiz.com/api/contacts/queue?limit=1:0
[43993966ms] [ERROR] Failed to load resource: the server responded with a status of 401 () @ https://client-1-77f5570c.flowsbiz.com/api/qr:0
[43995989ms] [ERROR] Failed to load resource: the server responded with a status of 401 () @ https://client-1-77f5570c.flowsbiz.com/api/qr:0
[43997971ms] [ERROR] Failed to load resource: the server responded with a status of 401 () @ https://client-1-77f5570c.flowsbiz.com/api/campaign-results:0
[43997971ms] [ERROR] Failed to load resource: the server responded with a status of 401 () @ https://client-1-77f5570c.flowsbiz.com/api/contacts/queue?limit=1:0
[43997972ms] [ERROR] Failed to load resource: the server responded with a status of 401 () @ https://client-1-77f5570c.flowsbiz.com/api/qr:0
[43999989ms] [ERROR] Failed to load resource: the server responded with a status of 401 () @ https://client-1-77f5570c.flowsbiz.com/api/qr:0
[44001968ms] [ERROR] Failed to load resource: the server responded with a status of 401 () @ https://client-1-77f5570c.flowsbiz.com/api/qr:0
[44002986ms] [ERROR] Failed to load resource: the server responded with a status of 401 () @ https://client-1-77f5570c.flowsbiz.com/api/contacts/queue?limit=1:0
[44002986ms] [ERROR] Failed to load resource: the server responded with a status of 401 () @ https://client-1-77f5570c.flowsbiz.com/api/campaign-results:0
[44003965ms] [ERROR] Failed to load resource: the server responded with a status of 401 () @ https://client-1-77f5570c.flowsbiz.com/api/qr:0
[44005986ms] [ERROR] Failed to load resource: the server responded with a status of 401 () @ https://client-1-77f5570c.flowsbiz.com/api/qr:0
[44007960ms] [ERROR] Failed to load resource: the server responded with a status of 401 () @ https://client-1-77f5570c.flowsbiz.com/api/campaign-results:0
[44007960ms] [ERROR] Failed to load resource: the server responded with a status of 401 () @ https://client-1-77f5570c.flowsbiz.com/api/contacts/queue?limit=1:0
[44007960ms] [ERROR] Failed to load resource: the server responded with a status of 401 () @ https://client-1-77f5570c.flowsbiz.com/api/qr:0
[44009957ms] [ERROR] Failed to load resource: the server responded with a status of 401 () @ https://client-1-77f5570c.flowsbiz.com/api/qr:0
[44011978ms] [ERROR] Failed to load resource: the server responded with a status of 401 () @ https://client-1-77f5570c.flowsbiz.com/api/qr:0
[44012978ms] [ERROR] Failed to load resource: the server responded with a status of 401 () @ https://client-1-77f5570c.flowsbiz.com/api/campaign-results:0
[44012978ms] [ERROR] Failed to load resource: the server responded with a status of 401 () @ https://client-1-77f5570c.flowsbiz.com/api/contacts/queue?limit=1:0
[44013989ms] [ERROR] Failed to load resource: the server responded with a status of 401 () @ https://client-1-77f5570c.flowsbiz.com/api/qr:0
[44015990ms] [ERROR] Failed to load resource: the server responded with a status of 401 () @ https://client-1-77f5570c.flowsbiz.com/api/qr:0
[44017970ms] [ERROR] Failed to load resource: the server responded with a status of 401 () @ https://client-1-77f5570c.flowsbiz.com/api/contacts/queue?limit=1:0
[44017970ms] [ERROR] Failed to load resource: the server responded with a status of 401 () @ https://client-1-77f5570c.flowsbiz.com/api/campaign-results:0
[44017971ms] [ERROR] Failed to load resource: the server responded with a status of 401 () @ https://client-1-77f5570c.flowsbiz.com/api/qr:0
[44019980ms] [ERROR] Failed to load resource: the server responded with a status of 401 () @ https://client-1-77f5570c.flowsbiz.com/api/qr:0
[44021974ms] [ERROR] Failed to load resource: the server responded with a status of 401 () @ https://client-1-77f5570c.flowsbiz.com/api/qr:0
[44022988ms] [ERROR] Failed to load resource: the server responded with a status of 401 () @ https://client-1-77f5570c.flowsbiz.com/api/contacts/queue?limit=1:0
[44022989ms] [ERROR] Failed to load resource: the server responded with a status of 401 () @ https://client-1-77f5570c.flowsbiz.com/api/campaign-results:0
[44023954ms] [ERROR] Failed to load resource: the server responded with a status of 401 () @ https://client-1-77f5570c.flowsbiz.com/api/qr:0
[44025976ms] [ERROR] Failed to load resource: the server responded with a status of 401 () @ https://client-1-77f5570c.flowsbiz.com/api/qr:0
[44027986ms] [ERROR] Failed to load resource: the server responded with a status of 401 () @ https://client-1-77f5570c.flowsbiz.com/api/contacts/queue?limit=1:0
[44027987ms] [ERROR] Failed to load resource: the server responded with a status of 401 () @ https://client-1-77f5570c.flowsbiz.com/api/campaign-results:0
[44027987ms] [ERROR] Failed to load resource: the server responded with a status of 401 () @ https://client-1-77f5570c.flowsbiz.com/api/qr:0
[44029981ms] [ERROR] Failed to load resource: the server responded with a status of 401 () @ https://client-1-77f5570c.flowsbiz.com/api/qr:0
[44031961ms] [ERROR] Failed to load resource: the server responded with a status of 401 () @ https://client-1-77f5570c.flowsbiz.com/api/qr:0
[44032987ms] [ERROR] Failed to load resource: the server responded with a status of 401 () @ https://client-1-77f5570c.flowsbiz.com/api/contacts/queue?limit=1:0
[44032987ms] [ERROR] Failed to load resource: the server responded with a status of 401 () @ https://client-1-77f5570c.flowsbiz.com/api/campaign-results:0
[44033984ms] [ERROR] Failed to load resource: the server responded with a status of 401 () @ https://client-1-77f5570c.flowsbiz.com/api/qr:0
[44035990ms] [ERROR] Failed to load resource: the server responded with a status of 401 () @ https://client-1-77f5570c.flowsbiz.com/api/qr:0
[44037960ms] [ERROR] Failed to load resource: the server responded with a status of 401 () @ https://client-1-77f5570c.flowsbiz.com/api/contacts/queue?limit=1:0
[44037960ms] [ERROR] Failed to load resource: the server responded with a status of 401 () @ https://client-1-77f5570c.flowsbiz.com/api/campaign-results:0
[44037960ms] [ERROR] Failed to load resource: the server responded with a status of 401 () @ https://client-1-77f5570c.flowsbiz.com/api/qr:0
[44039984ms] [ERROR] Failed to load resource: the server responded with a status of 401 () @ https://client-1-77f5570c.flowsbiz.com/api/qr:0
[44041981ms] [ERROR] Failed to load resource: the server responded with a status of 401 () @ https://client-1-77f5570c.flowsbiz.com/api/qr:0
[44042978ms] [ERROR] Failed to load resource: the server responded with a status of 401 () @ https://client-1-77f5570c.flowsbiz.com/api/contacts/queue?limit=1:0
[44042979ms] [ERROR] Failed to load resource: the server responded with a status of 401 () @ https://client-1-77f5570c.flowsbiz.com/api/campaign-results:0
[44043985ms] [ERROR] Failed to load resource: the server responded with a status of 401 () @ https://client-1-77f5570c.flowsbiz.com/api/qr:0
[44046002ms] [ERROR] Failed to load resource: the server responded with a status of 401 () @ https://client-1-77f5570c.flowsbiz.com/api/qr:0
[44047988ms] [ERROR] Failed to load resource: the server responded with a status of 401 () @ https://client-1-77f5570c.flowsbiz.com/api/campaign-results:0
[44047988ms] [ERROR] Failed to load resource: the server responded with a status of 401 () @ https://client-1-77f5570c.flowsbiz.com/api/contacts/queue?limit=1:0
[44047988ms] [ERROR] Failed to load resource: the server responded with a status of 401 () @ https://client-1-77f5570c.flowsbiz.com/api/qr:0
[44049995ms] [ERROR] Failed to load resource: the server responded with a status of 401 () @ https://client-1-77f5570c.flowsbiz.com/api/qr:0
[44051994ms] [ERROR] Failed to load resource: the server responded with a status of 401 () @ https://client-1-77f5570c.flowsbiz.com/api/qr:0
[44052989ms] [ERROR] Failed to load resource: the server responded with a status of 401 () @ https://client-1-77f5570c.flowsbiz.com/api/contacts/queue?limit=1:0
[44052989ms] [ERROR] Failed to load resource: the server responded with a status of 401 () @ https://client-1-77f5570c.flowsbiz.com/api/campaign-results:0
[44053958ms] [ERROR] Failed to load resource: the server responded with a status of 401 () @ https://client-1-77f5570c.flowsbiz.com/api/qr:0
[44055977ms] [ERROR] Failed to load resource: the server responded with a status of 401 () @ https://client-1-77f5570c.flowsbiz.com/api/qr:0
[44057962ms] [ERROR] Failed to load resource: the server responded with a status of 401 () @ https://client-1-77f5570c.flowsbiz.com/api/contacts/queue?limit=1:0
[44057963ms] [ERROR] Failed to load resource: the server responded with a status of 401 () @ https://client-1-77f5570c.flowsbiz.com/api/campaign-results:0
[44057963ms] [ERROR] Failed to load resource: the server responded with a status of 401 () @ https://client-1-77f5570c.flowsbiz.com/api/qr:0
[44059985ms] [ERROR] Failed to load resource: the server responded with a status of 401 () @ https://client-1-77f5570c.flowsbiz.com/api/qr:0
[44061989ms] [ERROR] Failed to load resource: the server responded with a status of 401 () @ https://client-1-77f5570c.flowsbiz.com/api/qr:0
[44062983ms] [ERROR] Failed to load resource: the server responded with a status of 401 () @ https://client-1-77f5570c.flowsbiz.com/api/contacts/queue?limit=1:0
[44062983ms] [ERROR] Failed to load resource: the server responded with a status of 401 () @ https://client-1-77f5570c.flowsbiz.com/api/campaign-results:0
[44063994ms] [ERROR] Failed to load resource: the server responded with a status of 401 () @ https://client-1-77f5570c.flowsbiz.com/api/qr:0
[44065981ms] [ERROR] Failed to load resource: the server responded with a status of 401 () @ https://client-1-77f5570c.flowsbiz.com/api/qr:0
[44067991ms] [ERROR] Failed to load resource: the server responded with a status of 401 () @ https://client-1-77f5570c.flowsbiz.com/api/campaign-results:0
[44067992ms] [ERROR] Failed to load resource: the server responded with a status of 401 () @ https://client-1-77f5570c.flowsbiz.com/api/contacts/queue?limit=1:0
[44067992ms] [ERROR] Failed to load resource: the server responded with a status of 401 () @ https://client-1-77f5570c.flowsbiz.com/api/qr:0
[44069986ms] [ERROR] Failed to load resource: the server responded with a status of 401 () @ https://client-1-77f5570c.flowsbiz.com/api/qr:0
[44071978ms] [ERROR] Failed to load resource: the server responded with a status of 401 () @ https://client-1-77f5570c.flowsbiz.com/api/qr:0
[44072959ms] [ERROR] Failed to load resource: the server responded with a status of 401 () @ https://client-1-77f5570c.flowsbiz.com/api/campaign-results:0
[44072959ms] [ERROR] Failed to load resource: the server responded with a status of 401 () @ https://client-1-77f5570c.flowsbiz.com/api/contacts/queue?limit=1:0
[44073982ms] [ERROR] Failed to load resource: the server responded with a status of 401 () @ https://client-1-77f5570c.flowsbiz.com/api/qr:0
[44075978ms] [ERROR] Failed to load resource: the server responded with a status of 401 () @ https://client-1-77f5570c.flowsbiz.com/api/qr:0
[44077967ms] [ERROR] Failed to load resource: the server responded with a status of 401 () @ https://client-1-77f5570c.flowsbiz.com/api/qr:0
[44077967ms] [ERROR] Failed to load resource: the server responded with a status of 401 () @ https://client-1-77f5570c.flowsbiz.com/api/campaign-results:0
[44077967ms] [ERROR] Failed to load resource: the server responded with a status of 401 () @ https://client-1-77f5570c.flowsbiz.com/api/contacts/queue?limit=1:0
[44079986ms] [ERROR] Failed to load resource: the server responded with a status of 401 () @ https://client-1-77f5570c.flowsbiz.com/api/qr:0
[44081974ms] [ERROR] Failed to load resource: the server responded with a status of 401 () @ https://client-1-77f5570c.flowsbiz.com/api/qr:0
[44082976ms] [ERROR] Failed to load resource: the server responded with a status of 401 () @ https://client-1-77f5570c.flowsbiz.com/api/campaign-results:0
[44082977ms] [ERROR] Failed to load resource: the server responded with a status of 401 () @ https://client-1-77f5570c.flowsbiz.com/api/contacts/queue?limit=1:0
[44083966ms] [ERROR] Failed to load resource: the server responded with a status of 401 () @ https://client-1-77f5570c.flowsbiz.com/api/qr:0
[44086028ms] [ERROR] Failed to load resource: the server responded with a status of 401 () @ https://client-1-77f5570c.flowsbiz.com/api/qr:0
[44087985ms] [ERROR] Failed to load resource: the server responded with a status of 401 () @ https://client-1-77f5570c.flowsbiz.com/api/qr:0
[44087985ms] [ERROR] Failed to load resource: the server responded with a status of 401 () @ https://client-1-77f5570c.flowsbiz.com/api/contacts/queue?limit=1:0
[44087985ms] [ERROR] Failed to load resource: the server responded with a status of 401 () @ https://client-1-77f5570c.flowsbiz.com/api/campaign-results:0
[44090022ms] [ERROR] Failed to load resource: the server responded with a status of 401 () @ https://client-1-77f5570c.flowsbiz.com/api/qr:0
[44091978ms] [ERROR] Failed to load resource: the server responded with a status of 401 () @ https://client-1-77f5570c.flowsbiz.com/api/qr:0
[44092984ms] [ERROR] Failed to load resource: the server responded with a status of 401 () @ https://client-1-77f5570c.flowsbiz.com/api/campaign-results:0
[44092985ms] [ERROR] Failed to load resource: the server responded with a status of 401 () @ https://client-1-77f5570c.flowsbiz.com/api/contacts/queue?limit=1:0
[44093955ms] [ERROR] Failed to load resource: the server responded with a status of 401 () @ https://client-1-77f5570c.flowsbiz.com/api/qr:0
[44095960ms] [ERROR] Failed to load resource: the server responded with a status of 401 () @ https://client-1-77f5570c.flowsbiz.com/api/qr:0
[44097967ms] [ERROR] Failed to load resource: the server responded with a status of 401 () @ https://client-1-77f5570c.flowsbiz.com/api/campaign-results:0
[44097969ms] [ERROR] Failed to load resource: the server responded with a status of 401 () @ https://client-1-77f5570c.flowsbiz.com/api/contacts/queue?limit=1:0
[44097970ms] [ERROR] Failed to load resource: the server responded with a status of 401 () @ https://client-1-77f5570c.flowsbiz.com/api/qr:0
[44099989ms] [ERROR] Failed to load resource: the server responded with a status of 401 () @ https://client-1-77f5570c.flowsbiz.com/api/qr:0
[44101976ms] [ERROR] Failed to load resource: the server responded with a status of 401 () @ https://client-1-77f5570c.flowsbiz.com/api/qr:0
[44102989ms] [ERROR] Failed to load resource: the server responded with a status of 401 () @ https://client-1-77f5570c.flowsbiz.com/api/campaign-results:0
[44102989ms] [ERROR] Failed to load resource: the server responded with a status of 401 () @ https://client-1-77f5570c.flowsbiz.com/api/contacts/queue?limit=1:0
[44103975ms] [ERROR] Failed to load resource: the server responded with a status of 401 () @ https://client-1-77f5570c.flowsbiz.com/api/qr:0
[44105981ms] [ERROR] Failed to load resource: the server responded with a status of 401 () @ https://client-1-77f5570c.flowsbiz.com/api/qr:0
[44107984ms] [ERROR] Failed to load resource: the server responded with a status of 401 () @ https://client-1-77f5570c.flowsbiz.com/api/campaign-results:0
[44107985ms] [ERROR] Failed to load resource: the server responded with a status of 401 () @ https://client-1-77f5570c.flowsbiz.com/api/contacts/queue?limit=1:0
[44107985ms] [ERROR] Failed to load resource: the server responded with a status of 401 () @ https://client-1-77f5570c.flowsbiz.com/api/qr:0
[44109977ms] [ERROR] Failed to load resource: the server responded with a status of 401 () @ https://client-1-77f5570c.flowsbiz.com/api/qr:0
[44111978ms] [ERROR] Failed to load resource: the server responded with a status of 401 () @ https://client-1-77f5570c.flowsbiz.com/api/qr:0
[44112986ms] [ERROR] Failed to load resource: the server responded with a status of 401 () @ https://client-1-77f5570c.flowsbiz.com/api/campaign-results:0
[44112986ms] [ERROR] Failed to load resource: the server responded with a status of 401 () @ https://client-1-77f5570c.flowsbiz.com/api/contacts/queue?limit=1:0
[44113968ms] [ERROR] Failed to load resource: the server responded with a status of 401 () @ https://client-1-77f5570c.flowsbiz.com/api/qr:0
[44115976ms] [ERROR] Failed to load resource: the server responded with a status of 401 () @ https://client-1-77f5570c.flowsbiz.com/api/qr:0
[44117966ms] [ERROR] Failed to load resource: the server responded with a status of 401 () @ https://client-1-77f5570c.flowsbiz.com/api/campaign-results:0
[44117967ms] [ERROR] Failed to load resource: the server responded with a status of 401 () @ https://client-1-77f5570c.flowsbiz.com/api/contacts/queue?limit=1:0
[44117967ms] [ERROR] Failed to load resource: the server responded with a status of 401 () @ https://client-1-77f5570c.flowsbiz.com/api/qr:0
[44120018ms] [ERROR] Failed to load resource: the server responded with a status of 401 () @ https://client-1-77f5570c.flowsbiz.com/api/qr:0
[44121982ms] [ERROR] Failed to load resource: the server responded with a status of 401 () @ https://client-1-77f5570c.flowsbiz.com/api/qr:0
[44122960ms] [ERROR] Failed to load resource: the server responded with a status of 401 () @ https://client-1-77f5570c.flowsbiz.com/api/campaign-results:0
[44122961ms] [ERROR] Failed to load resource: the server responded with a status of 401 () @ https://client-1-77f5570c.flowsbiz.com/api/contacts/queue?limit=1:0
[44123962ms] [ERROR] Failed to load resource: the server responded with a status of 401 () @ https://client-1-77f5570c.flowsbiz.com/api/qr:0
[44125985ms] [ERROR] Failed to load resource: the server responded with a status of 401 () @ https://client-1-77f5570c.flowsbiz.com/api/qr:0
[44127984ms] [ERROR] Failed to load resource: the server responded with a status of 401 () @ https://client-1-77f5570c.flowsbiz.com/api/campaign-results:0
[44127984ms] [ERROR] Failed to load resource: the server responded with a status of 401 () @ https://client-1-77f5570c.flowsbiz.com/api/contacts/queue?limit=1:0
[44127985ms] [ERROR] Failed to load resource: the server responded with a status of 401 () @ https://client-1-77f5570c.flowsbiz.com/api/qr:0
[44129960ms] [ERROR] Failed to load resource: the server responded with a status of 401 () @ https://client-1-77f5570c.flowsbiz.com/api/qr:0
[44131985ms] [ERROR] Failed to load resource: the server responded with a status of 401 () @ https://client-1-77f5570c.flowsbiz.com/api/qr:0
[44132963ms] [ERROR] Failed to load resource: the server responded with a status of 401 () @ https://client-1-77f5570c.flowsbiz.com/api/contacts/queue?limit=1:0
[44132963ms] [ERROR] Failed to load resource: the server responded with a status of 401 () @ https://client-1-77f5570c.flowsbiz.com/api/campaign-results:0
[44133959ms] [ERROR] Failed to load resource: the server responded with a status of 401 () @ https://client-1-77f5570c.flowsbiz.com/api/qr:0
[44135987ms] [ERROR] Failed to load resource: the server responded with a status of 401 () @ https://client-1-77f5570c.flowsbiz.com/api/qr:0
[44137969ms] [ERROR] Failed to load resource: the server responded with a status of 401 () @ https://client-1-77f5570c.flowsbiz.com/api/campaign-results:0
[44137969ms] [ERROR] Failed to load resource: the server responded with a status of 401 () @ https://client-1-77f5570c.flowsbiz.com/api/qr:0
[44137970ms] [ERROR] Failed to load resource: the server responded with a status of 401 () @ https://client-1-77f5570c.flowsbiz.com/api/contacts/queue?limit=1:0
[44139992ms] [ERROR] Failed to load resource: the server responded with a status of 401 () @ https://client-1-77f5570c.flowsbiz.com/api/qr:0
[44141961ms] [ERROR] Failed to load resource: the server responded with a status of 401 () @ https://client-1-77f5570c.flowsbiz.com/api/qr:0
[44142978ms] [ERROR] Failed to load resource: the server responded with a status of 401 () @ https://client-1-77f5570c.flowsbiz.com/api/contacts/queue?limit=1:0
[44142978ms] [ERROR] Failed to load resource: the server responded with a status of 401 () @ https://client-1-77f5570c.flowsbiz.com/api/campaign-results:0
[44143961ms] [ERROR] Failed to load resource: the server responded with a status of 401 () @ https://client-1-77f5570c.flowsbiz.com/api/qr:0
[44145987ms] [ERROR] Failed to load resource: the server responded with a status of 401 () @ https://client-1-77f5570c.flowsbiz.com/api/qr:0
[44147963ms] [ERROR] Failed to load resource: the server responded with a status of 401 () @ https://client-1-77f5570c.flowsbiz.com/api/campaign-results:0
[44147963ms] [ERROR] Failed to load resource: the server responded with a status of 401 () @ https://client-1-77f5570c.flowsbiz.com/api/qr:0
[44147964ms] [ERROR] Failed to load resource: the server responded with a status of 401 () @ https://client-1-77f5570c.flowsbiz.com/api/contacts/queue?limit=1:0
[44149993ms] [ERROR] Failed to load resource: the server responded with a status of 401 () @ https://client-1-77f5570c.flowsbiz.com/api/qr:0
[44151976ms] [ERROR] Failed to load resource: the server responded with a status of 401 () @ https://client-1-77f5570c.flowsbiz.com/api/qr:0
[44152959ms] [ERROR] Failed to load resource: the server responded with a status of 401 () @ https://client-1-77f5570c.flowsbiz.com/api/campaign-results:0
[44152959ms] [ERROR] Failed to load resource: the server responded with a status of 401 () @ https://client-1-77f5570c.flowsbiz.com/api/contacts/queue?limit=1:0
[44153979ms] [ERROR] Failed to load resource: the server responded with a status of 401 () @ https://client-1-77f5570c.flowsbiz.com/api/qr:0
[44155985ms] [ERROR] Failed to load resource: the server responded with a status of 401 () @ https://client-1-77f5570c.flowsbiz.com/api/qr:0
[44157959ms] [ERROR] Failed to load resource: the server responded with a status of 401 () @ https://client-1-77f5570c.flowsbiz.com/api/campaign-results:0
[44157964ms] [ERROR] Failed to load resource: the server responded with a status of 401 () @ https://client-1-77f5570c.flowsbiz.com/api/contacts/queue?limit=1:0
[44157965ms] [ERROR] Failed to load resource: the server responded with a status of 401 () @ https://client-1-77f5570c.flowsbiz.com/api/qr:0
[44159987ms] [ERROR] Failed to load resource: the server responded with a status of 401 () @ https://client-1-77f5570c.flowsbiz.com/api/qr:0
[44161974ms] [ERROR] Failed to load resource: the server responded with a status of 401 () @ https://client-1-77f5570c.flowsbiz.com/api/qr:0
[44162989ms] [ERROR] Failed to load resource: the server responded with a status of 401 () @ https://client-1-77f5570c.flowsbiz.com/api/contacts/queue?limit=1:0
[44162990ms] [ERROR] Failed to load resource: the server responded with a status of 401 () @ https://client-1-77f5570c.flowsbiz.com/api/campaign-results:0
[44163963ms] [ERROR] Failed to load resource: the server responded with a status of 401 () @ https://client-1-77f5570c.flowsbiz.com/api/qr:0
[44165983ms] [ERROR] Failed to load resource: the server responded with a status of 401 () @ https://client-1-77f5570c.flowsbiz.com/api/qr:0
[44167982ms] [ERROR] Failed to load resource: the server responded with a status of 401 () @ https://client-1-77f5570c.flowsbiz.com/api/qr:0
[44167982ms] [ERROR] Failed to load resource: the server responded with a status of 401 () @ https://client-1-77f5570c.flowsbiz.com/api/contacts/queue?limit=1:0
[44167983ms] [ERROR] Failed to load resource: the server responded with a status of 401 () @ https://client-1-77f5570c.flowsbiz.com/api/campaign-results:0
[44169979ms] [ERROR] Failed to load resource: the server responded with a status of 401 () @ https://client-1-77f5570c.flowsbiz.com/api/qr:0
[44171961ms] [ERROR] Failed to load resource: the server responded with a status of 401 () @ https://client-1-77f5570c.flowsbiz.com/api/qr:0
[44172985ms] [ERROR] Failed to load resource: the server responded with a status of 401 () @ https://client-1-77f5570c.flowsbiz.com/api/campaign-results:0
[44172985ms] [ERROR] Failed to load resource: the server responded with a status of 401 () @ https://client-1-77f5570c.flowsbiz.com/api/contacts/queue?limit=1:0
[44173969ms] [ERROR] Failed to load resource: the server responded with a status of 401 () @ https://client-1-77f5570c.flowsbiz.com/api/qr:0
[44175975ms] [ERROR] Failed to load resource: the server responded with a status of 401 () @ https://client-1-77f5570c.flowsbiz.com/api/qr:0
[44177976ms] [ERROR] Failed to load resource: the server responded with a status of 401 () @ https://client-1-77f5570c.flowsbiz.com/api/contacts/queue?limit=1:0
[44177977ms] [ERROR] Failed to load resource: the server responded with a status of 401 () @ https://client-1-77f5570c.flowsbiz.com/api/campaign-results:0
[44177977ms] [ERROR] Failed to load resource: the server responded with a status of 401 () @ https://client-1-77f5570c.flowsbiz.com/api/qr:0
[44179977ms] [ERROR] Failed to load resource: the server responded with a status of 401 () @ https://client-1-77f5570c.flowsbiz.com/api/qr:0
[44181995ms] [ERROR] Failed to load resource: the server responded with a status of 401 () @ https://client-1-77f5570c.flowsbiz.com/api/qr:0
[44182985ms] [ERROR] Failed to load resource: the server responded with a status of 401 () @ https://client-1-77f5570c.flowsbiz.com/api/campaign-results:0
[44182985ms] [ERROR] Failed to load resource: the server responded with a status of 401 () @ https://client-1-77f5570c.flowsbiz.com/api/contacts/queue?limit=1:0
[44183972ms] [ERROR] Failed to load resource: the server responded with a status of 401 () @ https://client-1-77f5570c.flowsbiz.com/api/qr:0
[44185987ms] [ERROR] Failed to load resource: the server responded with a status of 401 () @ https://client-1-77f5570c.flowsbiz.com/api/qr:0
[44187968ms] [ERROR] Failed to load resource: the server responded with a status of 401 () @ https://client-1-77f5570c.flowsbiz.com/api/campaign-results:0
[44187968ms] [ERROR] Failed to load resource: the server responded with a status of 401 () @ https://client-1-77f5570c.flowsbiz.com/api/contacts/queue?limit=1:0
[44187968ms] [ERROR] Failed to load resource: the server responded with a status of 401 () @ https://client-1-77f5570c.flowsbiz.com/api/qr:0
[44189971ms] [ERROR] Failed to load resource: the server responded with a status of 401 () @ https://client-1-77f5570c.flowsbiz.com/api/qr:0
[44191985ms] [ERROR] Failed to load resource: the server responded with a status of 401 () @ https://client-1-77f5570c.flowsbiz.com/api/qr:0
[44192971ms] [ERROR] Failed to load resource: the server responded with a status of 401 () @ https://client-1-77f5570c.flowsbiz.com/api/contacts/queue?limit=1:0
[44192971ms] [ERROR] Failed to load resource: the server responded with a status of 401 () @ https://client-1-77f5570c.flowsbiz.com/api/campaign-results:0
[44193975ms] [ERROR] Failed to load resource: the server responded with a status of 401 () @ https://client-1-77f5570c.flowsbiz.com/api/qr:0
[44195972ms] [ERROR] Failed to load resource: the server responded with a status of 401 () @ https://client-1-77f5570c.flowsbiz.com/api/qr:0
[44197972ms] [ERROR] Failed to load resource: the server responded with a status of 401 () @ https://client-1-77f5570c.flowsbiz.com/api/contacts/queue?limit=1:0
[44197977ms] [ERROR] Failed to load resource: the server responded with a status of 401 () @ https://client-1-77f5570c.flowsbiz.com/api/campaign-results:0
[44197978ms] [ERROR] Failed to load resource: the server responded with a status of 401 () @ https://client-1-77f5570c.flowsbiz.com/api/qr:0
[44199969ms] [ERROR] Failed to load resource: the server responded with a status of 401 () @ https://client-1-77f5570c.flowsbiz.com/api/qr:0
[44201957ms] [ERROR] Failed to load resource: the server responded with a status of 401 () @ https://client-1-77f5570c.flowsbiz.com/api/qr:0
[44202985ms] [ERROR] Failed to load resource: the server responded with a status of 401 () @ https://client-1-77f5570c.flowsbiz.com/api/contacts/queue?limit=1:0
[44202989ms] [ERROR] Failed to load resource: the server responded with a status of 401 () @ https://client-1-77f5570c.flowsbiz.com/api/campaign-results:0
[44203960ms] [ERROR] Failed to load resource: the server responded with a status of 401 () @ https://client-1-77f5570c.flowsbiz.com/api/qr:0
[44205979ms] [ERROR] Failed to load resource: the server responded with a status of 401 () @ https://client-1-77f5570c.flowsbiz.com/api/qr:0
[44207971ms] [ERROR] Failed to load resource: the server responded with a status of 401 () @ https://client-1-77f5570c.flowsbiz.com/api/campaign-results:0
[44207973ms] [ERROR] Failed to load resource: the server responded with a status of 401 () @ https://client-1-77f5570c.flowsbiz.com/api/contacts/queue?limit=1:0
[44207973ms] [ERROR] Failed to load resource: the server responded with a status of 401 () @ https://client-1-77f5570c.flowsbiz.com/api/qr:0
[44209982ms] [ERROR] Failed to load resource: the server responded with a status of 401 () @ https://client-1-77f5570c.flowsbiz.com/api/qr:0
[44211989ms] [ERROR] Failed to load resource: the server responded with a status of 401 () @ https://client-1-77f5570c.flowsbiz.com/api/qr:0
[44212989ms] [ERROR] Failed to load resource: the server responded with a status of 401 () @ https://client-1-77f5570c.flowsbiz.com/api/contacts/queue?limit=1:0
[44212994ms] [ERROR] Failed to load resource: the server responded with a status of 401 () @ https://client-1-77f5570c.flowsbiz.com/api/campaign-results:0
[44213995ms] [ERROR] Failed to load resource: the server responded with a status of 401 () @ https://client-1-77f5570c.flowsbiz.com/api/qr:0
[44215982ms] [ERROR] Failed to load resource: the server responded with a status of 401 () @ https://client-1-77f5570c.flowsbiz.com/api/qr:0
[44217969ms] [ERROR] Failed to load resource: the server responded with a status of 401 () @ https://client-1-77f5570c.flowsbiz.com/api/contacts/queue?limit=1:0
[44217969ms] [ERROR] Failed to load resource: the server responded with a status of 401 () @ https://client-1-77f5570c.flowsbiz.com/api/campaign-results:0
[44217970ms] [ERROR] Failed to load resource: the server responded with a status of 401 () @ https://client-1-77f5570c.flowsbiz.com/api/qr:0
[44219985ms] [ERROR] Failed to load resource: the server responded with a status of 401 () @ https://client-1-77f5570c.flowsbiz.com/api/qr:0
[44221980ms] [ERROR] Failed to load resource: the server responded with a status of 401 () @ https://client-1-77f5570c.flowsbiz.com/api/qr:0
[44222963ms] [ERROR] Failed to load resource: the server responded with a status of 401 () @ https://client-1-77f5570c.flowsbiz.com/api/campaign-results:0
[44222963ms] [ERROR] Failed to load resource: the server responded with a status of 401 () @ https://client-1-77f5570c.flowsbiz.com/api/contacts/queue?limit=1:0
[44223976ms] [ERROR] Failed to load resource: the server responded with a status of 401 () @ https://client-1-77f5570c.flowsbiz.com/api/qr:0
[44225959ms] [ERROR] Failed to load resource: the server responded with a status of 401 () @ https://client-1-77f5570c.flowsbiz.com/api/qr:0
[44227983ms] [ERROR] Failed to load resource: the server responded with a status of 401 () @ https://client-1-77f5570c.flowsbiz.com/api/campaign-results:0
[44227983ms] [ERROR] Failed to load resource: the server responded with a status of 401 () @ https://client-1-77f5570c.flowsbiz.com/api/contacts/queue?limit=1:0
[44227983ms] [ERROR] Failed to load resource: the server responded with a status of 401 () @ https://client-1-77f5570c.flowsbiz.com/api/qr:0
[44230012ms] [ERROR] Failed to load resource: the server responded with a status of 401 () @ https://client-1-77f5570c.flowsbiz.com/api/qr:0
[44232010ms] [ERROR] Failed to load resource: the server responded with a status of 401 () @ https://client-1-77f5570c.flowsbiz.com/api/qr:0
[44232979ms] [ERROR] Failed to load resource: the server responded with a status of 401 () @ https://client-1-77f5570c.flowsbiz.com/api/campaign-results:0
[44232979ms] [ERROR] Failed to load resource: the server responded with a status of 401 () @ https://client-1-77f5570c.flowsbiz.com/api/contacts/queue?limit=1:0
[44233968ms] [ERROR] Failed to load resource: the server responded with a status of 401 () @ https://client-1-77f5570c.flowsbiz.com/api/qr:0
[44235995ms] [ERROR] Failed to load resource: the server responded with a status of 401 () @ https://client-1-77f5570c.flowsbiz.com/api/qr:0
[44237964ms] [ERROR] Failed to load resource: the server responded with a status of 401 () @ https://client-1-77f5570c.flowsbiz.com/api/qr:0
[44237965ms] [ERROR] Failed to load resource: the server responded with a status of 401 () @ https://client-1-77f5570c.flowsbiz.com/api/campaign-results:0
[44237965ms] [ERROR] Failed to load resource: the server responded with a status of 401 () @ https://client-1-77f5570c.flowsbiz.com/api/contacts/queue?limit=1:0
[44239984ms] [ERROR] Failed to load resource: the server responded with a status of 401 () @ https://client-1-77f5570c.flowsbiz.com/api/qr:0
[44241964ms] [ERROR] Failed to load resource: the server responded with a status of 401 () @ https://client-1-77f5570c.flowsbiz.com/api/qr:0
[44242961ms] [ERROR] Failed to load resource: the server responded with a status of 401 () @ https://client-1-77f5570c.flowsbiz.com/api/contacts/queue?limit=1:0
[44242962ms] [ERROR] Failed to load resource: the server responded with a status of 401 () @ https://client-1-77f5570c.flowsbiz.com/api/campaign-results:0
[44243993ms] [ERROR] Failed to load resource: the server responded with a status of 401 () @ https://client-1-77f5570c.flowsbiz.com/api/qr:0
[44245971ms] [ERROR] Failed to load resource: the server responded with a status of 401 () @ https://client-1-77f5570c.flowsbiz.com/api/qr:0
[44247995ms] [ERROR] Failed to load resource: the server responded with a status of 401 () @ https://client-1-77f5570c.flowsbiz.com/api/qr:0
[44247996ms] [ERROR] Failed to load resource: the server responded with a status of 401 () @ https://client-1-77f5570c.flowsbiz.com/api/contacts/queue?limit=1:0
[44247996ms] [ERROR] Failed to load resource: the server responded with a status of 401 () @ https://client-1-77f5570c.flowsbiz.com/api/campaign-results:0
[44249982ms] [ERROR] Failed to load resource: the server responded with a status of 401 () @ https://client-1-77f5570c.flowsbiz.com/api/qr:0
[44251988ms] [ERROR] Failed to load resource: the server responded with a status of 401 () @ https://client-1-77f5570c.flowsbiz.com/api/qr:0
[44252962ms] [ERROR] Failed to load resource: the server responded with a status of 401 () @ https://client-1-77f5570c.flowsbiz.com/api/campaign-results:0
[44252965ms] [ERROR] Failed to load resource: the server responded with a status of 401 () @ https://client-1-77f5570c.flowsbiz.com/api/contacts/queue?limit=1:0
[44253989ms] [ERROR] Failed to load resource: the server responded with a status of 401 () @ https://client-1-77f5570c.flowsbiz.com/api/qr:0
[44255984ms] [ERROR] Failed to load resource: the server responded with a status of 401 () @ https://client-1-77f5570c.flowsbiz.com/api/qr:0
[44257958ms] [ERROR] Failed to load resource: the server responded with a status of 401 () @ https://client-1-77f5570c.flowsbiz.com/api/contacts/queue?limit=1:0
[44257958ms] [ERROR] Failed to load resource: the server responded with a status of 401 () @ https://client-1-77f5570c.flowsbiz.com/api/qr:0
[44257958ms] [ERROR] Failed to load resource: the server responded with a status of 401 () @ https://client-1-77f5570c.flowsbiz.com/api/campaign-results:0
[44259959ms] [ERROR] Failed to load resource: the server responded with a status of 401 () @ https://client-1-77f5570c.flowsbiz.com/api/qr:0
[44261964ms] [ERROR] Failed to load resource: the server responded with a status of 401 () @ https://client-1-77f5570c.flowsbiz.com/api/qr:0
[44262995ms] [ERROR] Failed to load resource: the server responded with a status of 401 () @ https://client-1-77f5570c.flowsbiz.com/api/campaign-results:0
[44262995ms] [ERROR] Failed to load resource: the server responded with a status of 401 () @ https://client-1-77f5570c.flowsbiz.com/api/contacts/queue?limit=1:0
[44263956ms] [ERROR] Failed to load resource: the server responded with a status of 401 () @ https://client-1-77f5570c.flowsbiz.com/api/qr:0
[44265977ms] [ERROR] Failed to load resource: the server responded with a status of 401 () @ https://client-1-77f5570c.flowsbiz.com/api/qr:0
[44267978ms] [ERROR] Failed to load resource: the server responded with a status of 401 () @ https://client-1-77f5570c.flowsbiz.com/api/contacts/queue?limit=1:0
[44267979ms] [ERROR] Failed to load resource: the server responded with a status of 401 () @ https://client-1-77f5570c.flowsbiz.com/api/qr:0
[44267979ms] [ERROR] Failed to load resource: the server responded with a status of 401 () @ https://client-1-77f5570c.flowsbiz.com/api/campaign-results:0
[44269961ms] [ERROR] Failed to load resource: the server responded with a status of 401 () @ https://client-1-77f5570c.flowsbiz.com/api/qr:0
[44271974ms] [ERROR] Failed to load resource: the server responded with a status of 401 () @ https://client-1-77f5570c.flowsbiz.com/api/qr:0
[44272970ms] [ERROR] Failed to load resource: the server responded with a status of 401 () @ https://client-1-77f5570c.flowsbiz.com/api/contacts/queue?limit=1:0
[44272970ms] [ERROR] Failed to load resource: the server responded with a status of 401 () @ https://client-1-77f5570c.flowsbiz.com/api/campaign-results:0
[44273962ms] [ERROR] Failed to load resource: the server responded with a status of 401 () @ https://client-1-77f5570c.flowsbiz.com/api/qr:0
[44275978ms] [ERROR] Failed to load resource: the server responded with a status of 401 () @ https://client-1-77f5570c.flowsbiz.com/api/qr:0
[44277960ms] [ERROR] Failed to load resource: the server responded with a status of 401 () @ https://client-1-77f5570c.flowsbiz.com/api/campaign-results:0
[44277960ms] [ERROR] Failed to load resource: the server responded with a status of 401 () @ https://client-1-77f5570c.flowsbiz.com/api/contacts/queue?limit=1:0
[44277965ms] [ERROR] Failed to load resource: the server responded with a status of 401 () @ https://client-1-77f5570c.flowsbiz.com/api/qr:0
[44279966ms] [ERROR] Failed to load resource: the server responded with a status of 401 () @ https://client-1-77f5570c.flowsbiz.com/api/qr:0
[44281982ms] [ERROR] Failed to load resource: the server responded with a status of 401 () @ https://client-1-77f5570c.flowsbiz.com/api/qr:0
[44282978ms] [ERROR] Failed to load resource: the server responded with a status of 401 () @ https://client-1-77f5570c.flowsbiz.com/api/campaign-results:0
[44282978ms] [ERROR] Failed to load resource: the server responded with a status of 401 () @ https://client-1-77f5570c.flowsbiz.com/api/contacts/queue?limit=1:0
[44283979ms] [ERROR] Failed to load resource: the server responded with a status of 401 () @ https://client-1-77f5570c.flowsbiz.com/api/qr:0
[44285978ms] [ERROR] Failed to load resource: the server responded with a status of 401 () @ https://client-1-77f5570c.flowsbiz.com/api/qr:0
[44287983ms] [ERROR] Failed to load resource: the server responded with a status of 401 () @ https://client-1-77f5570c.flowsbiz.com/api/campaign-results:0
[44287983ms] [ERROR] Failed to load resource: the server responded with a status of 401 () @ https://client-1-77f5570c.flowsbiz.com/api/contacts/queue?limit=1:0
[44287984ms] [ERROR] Failed to load resource: the server responded with a status of 401 () @ https://client-1-77f5570c.flowsbiz.com/api/qr:0
[44289960ms] [ERROR] Failed to load resource: the server responded with a status of 401 () @ https://client-1-77f5570c.flowsbiz.com/api/qr:0
[44291978ms] [ERROR] Failed to load resource: the server responded with a status of 401 () @ https://client-1-77f5570c.flowsbiz.com/api/qr:0
[44292988ms] [ERROR] Failed to load resource: the server responded with a status of 401 () @ https://client-1-77f5570c.flowsbiz.com/api/campaign-results:0
[44292989ms] [ERROR] Failed to load resource: the server responded with a status of 401 () @ https://client-1-77f5570c.flowsbiz.com/api/contacts/queue?limit=1:0
[44293964ms] [ERROR] Failed to load resource: the server responded with a status of 401 () @ https://client-1-77f5570c.flowsbiz.com/api/qr:0
[44295982ms] [ERROR] Failed to load resource: the server responded with a status of 401 () @ https://client-1-77f5570c.flowsbiz.com/api/qr:0
[44297964ms] [ERROR] Failed to load resource: the server responded with a status of 401 () @ https://client-1-77f5570c.flowsbiz.com/api/campaign-results:0
[44297968ms] [ERROR] Failed to load resource: the server responded with a status of 401 () @ https://client-1-77f5570c.flowsbiz.com/api/contacts/queue?limit=1:0
[44297969ms] [ERROR] Failed to load resource: the server responded with a status of 401 () @ https://client-1-77f5570c.flowsbiz.com/api/qr:0
[44299960ms] [ERROR] Failed to load resource: the server responded with a status of 401 () @ https://client-1-77f5570c.flowsbiz.com/api/qr:0
[44301981ms] [ERROR] Failed to load resource: the server responded with a status of 401 () @ https://client-1-77f5570c.flowsbiz.com/api/qr:0
[44302981ms] [ERROR] Failed to load resource: the server responded with a status of 401 () @ https://client-1-77f5570c.flowsbiz.com/api/campaign-results:0
[44302981ms] [ERROR] Failed to load resource: the server responded with a status of 401 () @ https://client-1-77f5570c.flowsbiz.com/api/contacts/queue?limit=1:0
[44303981ms] [ERROR] Failed to load resource: the server responded with a status of 401 () @ https://client-1-77f5570c.flowsbiz.com/api/qr:0
[44305984ms] [ERROR] Failed to load resource: the server responded with a status of 401 () @ https://client-1-77f5570c.flowsbiz.com/api/qr:0
[44307965ms] [ERROR] Failed to load resource: the server responded with a status of 401 () @ https://client-1-77f5570c.flowsbiz.com/api/campaign-results:0
[44307965ms] [ERROR] Failed to load resource: the server responded with a status of 401 () @ https://client-1-77f5570c.flowsbiz.com/api/contacts/queue?limit=1:0
[44307965ms] [ERROR] Failed to load resource: the server responded with a status of 401 () @ https://client-1-77f5570c.flowsbiz.com/api/qr:0
[44309963ms] [ERROR] Failed to load resource: the server responded with a status of 401 () @ https://client-1-77f5570c.flowsbiz.com/api/qr:0
[44311981ms] [ERROR] Failed to load resource: the server responded with a status of 401 () @ https://client-1-77f5570c.flowsbiz.com/api/qr:0
[44312971ms] [ERROR] Failed to load resource: the server responded with a status of 401 () @ https://client-1-77f5570c.flowsbiz.com/api/campaign-results:0
[44312971ms] [ERROR] Failed to load resource: the server responded with a status of 401 () @ https://client-1-77f5570c.flowsbiz.com/api/contacts/queue?limit=1:0
[44313989ms] [ERROR] Failed to load resource: the server responded with a status of 401 () @ https://client-1-77f5570c.flowsbiz.com/api/qr:0
[44315976ms] [ERROR] Failed to load resource: the server responded with a status of 401 () @ https://client-1-77f5570c.flowsbiz.com/api/qr:0
[44317961ms] [ERROR] Failed to load resource: the server responded with a status of 401 () @ https://client-1-77f5570c.flowsbiz.com/api/contacts/queue?limit=1:0
[44317966ms] [ERROR] Failed to load resource: the server responded with a status of 401 () @ https://client-1-77f5570c.flowsbiz.com/api/campaign-results:0
[44317966ms] [ERROR] Failed to load resource: the server responded with a status of 401 () @ https://client-1-77f5570c.flowsbiz.com/api/qr:0
[44319959ms] [ERROR] Failed to load resource: the server responded with a status of 401 () @ https://client-1-77f5570c.flowsbiz.com/api/qr:0
[44321982ms] [ERROR] Failed to load resource: the server responded with a status of 401 () @ https://client-1-77f5570c.flowsbiz.com/api/qr:0
[44323002ms] [ERROR] Failed to load resource: the server responded with a status of 401 () @ https://client-1-77f5570c.flowsbiz.com/api/contacts/queue?limit=1:0
[44323003ms] [ERROR] Failed to load resource: the server responded with a status of 401 () @ https://client-1-77f5570c.flowsbiz.com/api/campaign-results:0
[44323962ms] [ERROR] Failed to load resource: the server responded with a status of 401 () @ https://client-1-77f5570c.flowsbiz.com/api/qr:0
[44325958ms] [ERROR] Failed to load resource: the server responded with a status of 401 () @ https://client-1-77f5570c.flowsbiz.com/api/qr:0
[44327982ms] [ERROR] Failed to load resource: the server responded with a status of 401 () @ https://client-1-77f5570c.flowsbiz.com/api/campaign-results:0
[44327983ms] [ERROR] Failed to load resource: the server responded with a status of 401 () @ https://client-1-77f5570c.flowsbiz.com/api/contacts/queue?limit=1:0
[44327983ms] [ERROR] Failed to load resource: the server responded with a status of 401 () @ https://client-1-77f5570c.flowsbiz.com/api/qr:0
[44329970ms] [ERROR] Failed to load resource: the server responded with a status of 401 () @ https://client-1-77f5570c.flowsbiz.com/api/qr:0
[44331983ms] [ERROR] Failed to load resource: the server responded with a status of 401 () @ https://client-1-77f5570c.flowsbiz.com/api/qr:0
[44332976ms] [ERROR] Failed to load resource: the server responded with a status of 401 () @ https://client-1-77f5570c.flowsbiz.com/api/contacts/queue?limit=1:0
[44332977ms] [ERROR] Failed to load resource: the server responded with a status of 401 () @ https://client-1-77f5570c.flowsbiz.com/api/campaign-results:0
[44333972ms] [ERROR] Failed to load resource: the server responded with a status of 401 () @ https://client-1-77f5570c.flowsbiz.com/api/qr:0
[44335985ms] [ERROR] Failed to load resource: the server responded with a status of 401 () @ https://client-1-77f5570c.flowsbiz.com/api/qr:0
[44337961ms] [ERROR] Failed to load resource: the server responded with a status of 401 () @ https://client-1-77f5570c.flowsbiz.com/api/campaign-results:0
[44337961ms] [ERROR] Failed to load resource: the server responded with a status of 401 () @ https://client-1-77f5570c.flowsbiz.com/api/contacts/queue?limit=1:0
[44337964ms] [ERROR] Failed to load resource: the server responded with a status of 401 () @ https://client-1-77f5570c.flowsbiz.com/api/qr:0
[44339962ms] [ERROR] Failed to load resource: the server responded with a status of 401 () @ https://client-1-77f5570c.flowsbiz.com/api/qr:0
[44341959ms] [ERROR] Failed to load resource: the server responded with a status of 401 () @ https://client-1-77f5570c.flowsbiz.com/api/qr:0
[44342981ms] [ERROR] Failed to load resource: the server responded with a status of 401 () @ https://client-1-77f5570c.flowsbiz.com/api/contacts/queue?limit=1:0
[44342982ms] [ERROR] Failed to load resource: the server responded with a status of 401 () @ https://client-1-77f5570c.flowsbiz.com/api/campaign-results:0
[44343996ms] [ERROR] Failed to load resource: the server responded with a status of 401 () @ https://client-1-77f5570c.flowsbiz.com/api/qr:0
[44345978ms] [ERROR] Failed to load resource: the server responded with a status of 401 () @ https://client-1-77f5570c.flowsbiz.com/api/qr:0
[44347982ms] [ERROR] Failed to load resource: the server responded with a status of 401 () @ https://client-1-77f5570c.flowsbiz.com/api/qr:0
[44347982ms] [ERROR] Failed to load resource: the server responded with a status of 401 () @ https://client-1-77f5570c.flowsbiz.com/api/contacts/queue?limit=1:0
[44347982ms] [ERROR] Failed to load resource: the server responded with a status of 401 () @ https://client-1-77f5570c.flowsbiz.com/api/campaign-results:0
[44349959ms] [ERROR] Failed to load resource: the server responded with a status of 401 () @ https://client-1-77f5570c.flowsbiz.com/api/qr:0
[44351971ms] [ERROR] Failed to load resource: the server responded with a status of 401 () @ https://client-1-77f5570c.flowsbiz.com/api/qr:0
[44352967ms] [ERROR] Failed to load resource: the server responded with a status of 401 () @ https://client-1-77f5570c.flowsbiz.com/api/contacts/queue?limit=1:0
[44352967ms] [ERROR] Failed to load resource: the server responded with a status of 401 () @ https://client-1-77f5570c.flowsbiz.com/api/campaign-results:0
[44353965ms] [ERROR] Failed to load resource: the server responded with a status of 401 () @ https://client-1-77f5570c.flowsbiz.com/api/qr:0
[44355985ms] [ERROR] Failed to load resource: the server responded with a status of 401 () @ https://client-1-77f5570c.flowsbiz.com/api/qr:0
[44357973ms] [ERROR] Failed to load resource: the server responded with a status of 401 () @ https://client-1-77f5570c.flowsbiz.com/api/qr:0
[44357974ms] [ERROR] Failed to load resource: the server responded with a status of 401 () @ https://client-1-77f5570c.flowsbiz.com/api/contacts/queue?limit=1:0
[44357974ms] [ERROR] Failed to load resource: the server responded with a status of 401 () @ https://client-1-77f5570c.flowsbiz.com/api/campaign-results:0
[44359965ms] [ERROR] Failed to load resource: the server responded with a status of 401 () @ https://client-1-77f5570c.flowsbiz.com/api/qr:0
[44361961ms] [ERROR] Failed to load resource: the server responded with a status of 401 () @ https://client-1-77f5570c.flowsbiz.com/api/qr:0
[44362987ms] [ERROR] Failed to load resource: the server responded with a status of 401 () @ https://client-1-77f5570c.flowsbiz.com/api/campaign-results:0
[44362988ms] [ERROR] Failed to load resource: the server responded with a status of 401 () @ https://client-1-77f5570c.flowsbiz.com/api/contacts/queue?limit=1:0
[44363982ms] [ERROR] Failed to load resource: the server responded with a status of 401 () @ https://client-1-77f5570c.flowsbiz.com/api/qr:0
[44365982ms] [ERROR] Failed to load resource: the server responded with a status of 401 () @ https://client-1-77f5570c.flowsbiz.com/api/qr:0
[44367959ms] [ERROR] Failed to load resource: the server responded with a status of 401 () @ https://client-1-77f5570c.flowsbiz.com/api/contacts/queue?limit=1:0
[44367959ms] [ERROR] Failed to load resource: the server responded with a status of 401 () @ https://client-1-77f5570c.flowsbiz.com/api/campaign-results:0
[44367960ms] [ERROR] Failed to load resource: the server responded with a status of 401 () @ https://client-1-77f5570c.flowsbiz.com/api/qr:0
[44369962ms] [ERROR] Failed to load resource: the server responded with a status of 401 () @ https://client-1-77f5570c.flowsbiz.com/api/qr:0
[44371965ms] [ERROR] Failed to load resource: the server responded with a status of 401 () @ https://client-1-77f5570c.flowsbiz.com/api/qr:0
[44372981ms] [ERROR] Failed to load resource: the server responded with a status of 401 () @ https://client-1-77f5570c.flowsbiz.com/api/campaign-results:0
[44372982ms] [ERROR] Failed to load resource: the server responded with a status of 401 () @ https://client-1-77f5570c.flowsbiz.com/api/contacts/queue?limit=1:0
[44373980ms] [ERROR] Failed to load resource: the server responded with a status of 401 () @ https://client-1-77f5570c.flowsbiz.com/api/qr:0
[44375983ms] [ERROR] Failed to load resource: the server responded with a status of 401 () @ https://client-1-77f5570c.flowsbiz.com/api/qr:0
[44377975ms] [ERROR] Failed to load resource: the server responded with a status of 401 () @ https://client-1-77f5570c.flowsbiz.com/api/campaign-results:0
[44377975ms] [ERROR] Failed to load resource: the server responded with a status of 401 () @ https://client-1-77f5570c.flowsbiz.com/api/contacts/queue?limit=1:0
[44377975ms] [ERROR] Failed to load resource: the server responded with a status of 401 () @ https://client-1-77f5570c.flowsbiz.com/api/qr:0
[44379969ms] [ERROR] Failed to load resource: the server responded with a status of 401 () @ https://client-1-77f5570c.flowsbiz.com/api/qr:0
[44381994ms] [ERROR] Failed to load resource: the server responded with a status of 401 () @ https://client-1-77f5570c.flowsbiz.com/api/qr:0
[44382993ms] [ERROR] Failed to load resource: the server responded with a status of 401 () @ https://client-1-77f5570c.flowsbiz.com/api/contacts/queue?limit=1:0
[44382993ms] [ERROR] Failed to load resource: the server responded with a status of 401 () @ https://client-1-77f5570c.flowsbiz.com/api/campaign-results:0
[44383967ms] [ERROR] Failed to load resource: the server responded with a status of 401 () @ https://client-1-77f5570c.flowsbiz.com/api/qr:0
[44385968ms] [ERROR] Failed to load resource: the server responded with a status of 401 () @ https://client-1-77f5570c.flowsbiz.com/api/qr:0
[44387983ms] [ERROR] Failed to load resource: the server responded with a status of 401 () @ https://client-1-77f5570c.flowsbiz.com/api/contacts/queue?limit=1:0
[44387983ms] [ERROR] Failed to load resource: the server responded with a status of 401 () @ https://client-1-77f5570c.flowsbiz.com/api/campaign-results:0
[44387983ms] [ERROR] Failed to load resource: the server responded with a status of 401 () @ https://client-1-77f5570c.flowsbiz.com/api/qr:0
[44389964ms] [ERROR] Failed to load resource: the server responded with a status of 401 () @ https://client-1-77f5570c.flowsbiz.com/api/qr:0
[44391980ms] [ERROR] Failed to load resource: the server responded with a status of 401 () @ https://client-1-77f5570c.flowsbiz.com/api/qr:0
[44392974ms] [ERROR] Failed to load resource: the server responded with a status of 401 () @ https://client-1-77f5570c.flowsbiz.com/api/contacts/queue?limit=1:0
[44392975ms] [ERROR] Failed to load resource: the server responded with a status of 401 () @ https://client-1-77f5570c.flowsbiz.com/api/campaign-results:0
[44393980ms] [ERROR] Failed to load resource: the server responded with a status of 401 () @ https://client-1-77f5570c.flowsbiz.com/api/qr:0
[44395976ms] [ERROR] Failed to load resource: the server responded with a status of 401 () @ https://client-1-77f5570c.flowsbiz.com/api/qr:0
[44397965ms] [ERROR] Failed to load resource: the server responded with a status of 401 () @ https://client-1-77f5570c.flowsbiz.com/api/qr:0
[44397965ms] [ERROR] Failed to load resource: the server responded with a status of 401 () @ https://client-1-77f5570c.flowsbiz.com/api/campaign-results:0
[44397965ms] [ERROR] Failed to load resource: the server responded with a status of 401 () @ https://client-1-77f5570c.flowsbiz.com/api/contacts/queue?limit=1:0
[44399961ms] [ERROR] Failed to load resource: the server responded with a status of 401 () @ https://client-1-77f5570c.flowsbiz.com/api/qr:0
[44401978ms] [ERROR] Failed to load resource: the server responded with a status of 401 () @ https://client-1-77f5570c.flowsbiz.com/api/qr:0
[44402986ms] [ERROR] Failed to load resource: the server responded with a status of 401 () @ https://client-1-77f5570c.flowsbiz.com/api/campaign-results:0
[44402986ms] [ERROR] Failed to load resource: the server responded with a status of 401 () @ https://client-1-77f5570c.flowsbiz.com/api/contacts/queue?limit=1:0
[44403982ms] [ERROR] Failed to load resource: the server responded with a status of 401 () @ https://client-1-77f5570c.flowsbiz.com/api/qr:0
[44405962ms] [ERROR] Failed to load resource: the server responded with a status of 401 () @ https://client-1-77f5570c.flowsbiz.com/api/qr:0
[44408001ms] [ERROR] Failed to load resource: the server responded with a status of 401 () @ https://client-1-77f5570c.flowsbiz.com/api/campaign-results:0
[44408002ms] [ERROR] Failed to load resource: the server responded with a status of 401 () @ https://client-1-77f5570c.flowsbiz.com/api/contacts/queue?limit=1:0
[44408002ms] [ERROR] Failed to load resource: the server responded with a status of 401 () @ https://client-1-77f5570c.flowsbiz.com/api/qr:0
[44409963ms] [ERROR] Failed to load resource: the server responded with a status of 401 () @ https://client-1-77f5570c.flowsbiz.com/api/qr:0
[44412006ms] [ERROR] Failed to load resource: the server responded with a status of 401 () @ https://client-1-77f5570c.flowsbiz.com/api/qr:0
[44412987ms] [ERROR] Failed to load resource: the server responded with a status of 401 () @ https://client-1-77f5570c.flowsbiz.com/api/contacts/queue?limit=1:0
[44412988ms] [ERROR] Failed to load resource: the server responded with a status of 401 () @ https://client-1-77f5570c.flowsbiz.com/api/campaign-results:0
[44413964ms] [ERROR] Failed to load resource: the server responded with a status of 401 () @ https://client-1-77f5570c.flowsbiz.com/api/qr:0
[44415962ms] [ERROR] Failed to load resource: the server responded with a status of 401 () @ https://client-1-77f5570c.flowsbiz.com/api/qr:0
[44417967ms] [ERROR] Failed to load resource: the server responded with a status of 401 () @ https://client-1-77f5570c.flowsbiz.com/api/contacts/queue?limit=1:0
[44417967ms] [ERROR] Failed to load resource: the server responded with a status of 401 () @ https://client-1-77f5570c.flowsbiz.com/api/campaign-results:0
[44417970ms] [ERROR] Failed to load resource: the server responded with a status of 401 () @ https://client-1-77f5570c.flowsbiz.com/api/qr:0
[44419962ms] [ERROR] Failed to load resource: the server responded with a status of 401 () @ https://client-1-77f5570c.flowsbiz.com/api/qr:0
[44421982ms] [ERROR] Failed to load resource: the server responded with a status of 401 () @ https://client-1-77f5570c.flowsbiz.com/api/qr:0
[44422997ms] [ERROR] Failed to load resource: the server responded with a status of 401 () @ https://client-1-77f5570c.flowsbiz.com/api/contacts/queue?limit=1:0
[44422997ms] [ERROR] Failed to load resource: the server responded with a status of 401 () @ https://client-1-77f5570c.flowsbiz.com/api/campaign-results:0
[44423979ms] [ERROR] Failed to load resource: the server responded with a status of 401 () @ https://client-1-77f5570c.flowsbiz.com/api/qr:0
[44425990ms] [ERROR] Failed to load resource: the server responded with a status of 401 () @ https://client-1-77f5570c.flowsbiz.com/api/qr:0
[44427962ms] [ERROR] Failed to load resource: the server responded with a status of 401 () @ https://client-1-77f5570c.flowsbiz.com/api/contacts/queue?limit=1:0
[44427962ms] [ERROR] Failed to load resource: the server responded with a status of 401 () @ https://client-1-77f5570c.flowsbiz.com/api/campaign-results:0
[44427962ms] [ERROR] Failed to load resource: the server responded with a status of 401 () @ https://client-1-77f5570c.flowsbiz.com/api/qr:0
[44429956ms] [ERROR] Failed to load resource: the server responded with a status of 401 () @ https://client-1-77f5570c.flowsbiz.com/api/qr:0
[44431970ms] [ERROR] Failed to load resource: the server responded with a status of 401 () @ https://client-1-77f5570c.flowsbiz.com/api/qr:0
[44432959ms] [ERROR] Failed to load resource: the server responded with a status of 401 () @ https://client-1-77f5570c.flowsbiz.com/api/campaign-results:0
[44432959ms] [ERROR] Failed to load resource: the server responded with a status of 401 () @ https://client-1-77f5570c.flowsbiz.com/api/contacts/queue?limit=1:0
[44433954ms] [ERROR] Failed to load resource: the server responded with a status of 401 () @ https://client-1-77f5570c.flowsbiz.com/api/qr:0
[44435969ms] [ERROR] Failed to load resource: the server responded with a status of 401 () @ https://client-1-77f5570c.flowsbiz.com/api/qr:0
[44437976ms] [ERROR] Failed to load resource: the server responded with a status of 401 () @ https://client-1-77f5570c.flowsbiz.com/api/contacts/queue?limit=1:0
[44437976ms] [ERROR] Failed to load resource: the server responded with a status of 401 () @ https://client-1-77f5570c.flowsbiz.com/api/campaign-results:0
[44437977ms] [ERROR] Failed to load resource: the server responded with a status of 401 () @ https://client-1-77f5570c.flowsbiz.com/api/qr:0
[44439960ms] [ERROR] Failed to load resource: the server responded with a status of 401 () @ https://client-1-77f5570c.flowsbiz.com/api/qr:0
[44441970ms] [ERROR] Failed to load resource: the server responded with a status of 401 () @ https://client-1-77f5570c.flowsbiz.com/api/qr:0
[44442971ms] [ERROR] Failed to load resource: the server responded with a status of 401 () @ https://client-1-77f5570c.flowsbiz.com/api/contacts/queue?limit=1:0
[44442971ms] [ERROR] Failed to load resource: the server responded with a status of 401 () @ https://client-1-77f5570c.flowsbiz.com/api/campaign-results:0
[44443968ms] [ERROR] Failed to load resource: the server responded with a status of 401 () @ https://client-1-77f5570c.flowsbiz.com/api/qr:0
[44445981ms] [ERROR] Failed to load resource: the server responded with a status of 401 () @ https://client-1-77f5570c.flowsbiz.com/api/qr:0
[44447986ms] [ERROR] Failed to load resource: the server responded with a status of 401 () @ https://client-1-77f5570c.flowsbiz.com/api/contacts/queue?limit=1:0
[44447987ms] [ERROR] Failed to load resource: the server responded with a status of 401 () @ https://client-1-77f5570c.flowsbiz.com/api/campaign-results:0
[44447987ms] [ERROR] Failed to load resource: the server responded with a status of 401 () @ https://client-1-77f5570c.flowsbiz.com/api/qr:0
[44449959ms] [ERROR] Failed to load resource: the server responded with a status of 401 () @ https://client-1-77f5570c.flowsbiz.com/api/qr:0
[44451982ms] [ERROR] Failed to load resource: the server responded with a status of 401 () @ https://client-1-77f5570c.flowsbiz.com/api/qr:0
[44452982ms] [ERROR] Failed to load resource: the server responded with a status of 401 () @ https://client-1-77f5570c.flowsbiz.com/api/contacts/queue?limit=1:0
[44452982ms] [ERROR] Failed to load resource: the server responded with a status of 401 () @ https://client-1-77f5570c.flowsbiz.com/api/campaign-results:0
[44454024ms] [ERROR] Failed to load resource: the server responded with a status of 401 () @ https://client-1-77f5570c.flowsbiz.com/api/qr:0
[44456024ms] [ERROR] Failed to load resource: the server responded with a status of 401 () @ https://client-1-77f5570c.flowsbiz.com/api/qr:0
[44457979ms] [ERROR] Failed to load resource: the server responded with a status of 401 () @ https://client-1-77f5570c.flowsbiz.com/api/contacts/queue?limit=1:0
[44457979ms] [ERROR] Failed to load resource: the server responded with a status of 401 () @ https://client-1-77f5570c.flowsbiz.com/api/campaign-results:0
[44457979ms] [ERROR] Failed to load resource: the server responded with a status of 401 () @ https://client-1-77f5570c.flowsbiz.com/api/qr:0
[44459969ms] [ERROR] Failed to load resource: the server responded with a status of 401 () @ https://client-1-77f5570c.flowsbiz.com/api/qr:0
[44461959ms] [ERROR] Failed to load resource: the server responded with a status of 401 () @ https://client-1-77f5570c.flowsbiz.com/api/qr:0
[44462989ms] [ERROR] Failed to load resource: the server responded with a status of 401 () @ https://client-1-77f5570c.flowsbiz.com/api/campaign-results:0
[44462989ms] [ERROR] Failed to load resource: the server responded with a status of 401 () @ https://client-1-77f5570c.flowsbiz.com/api/contacts/queue?limit=1:0
[44463983ms] [ERROR] Failed to load resource: the server responded with a status of 401 () @ https://client-1-77f5570c.flowsbiz.com/api/qr:0
[44465970ms] [ERROR] Failed to load resource: the server responded with a status of 401 () @ https://client-1-77f5570c.flowsbiz.com/api/qr:0
[44467978ms] [ERROR] Failed to load resource: the server responded with a status of 401 () @ https://client-1-77f5570c.flowsbiz.com/api/contacts/queue?limit=1:0
[44467978ms] [ERROR] Failed to load resource: the server responded with a status of 401 () @ https://client-1-77f5570c.flowsbiz.com/api/qr:0
[44467978ms] [ERROR] Failed to load resource: the server responded with a status of 401 () @ https://client-1-77f5570c.flowsbiz.com/api/campaign-results:0
[44469964ms] [ERROR] Failed to load resource: the server responded with a status of 401 () @ https://client-1-77f5570c.flowsbiz.com/api/qr:0
[44471972ms] [ERROR] Failed to load resource: the server responded with a status of 401 () @ https://client-1-77f5570c.flowsbiz.com/api/qr:0
[44472977ms] [ERROR] Failed to load resource: the server responded with a status of 401 () @ https://client-1-77f5570c.flowsbiz.com/api/campaign-results:0
[44472977ms] [ERROR] Failed to load resource: the server responded with a status of 401 () @ https://client-1-77f5570c.flowsbiz.com/api/contacts/queue?limit=1:0
[44473966ms] [ERROR] Failed to load resource: the server responded with a status of 401 () @ https://client-1-77f5570c.flowsbiz.com/api/qr:0
[44475965ms] [ERROR] Failed to load resource: the server responded with a status of 401 () @ https://client-1-77f5570c.flowsbiz.com/api/qr:0
[44477962ms] [ERROR] Failed to load resource: the server responded with a status of 401 () @ https://client-1-77f5570c.flowsbiz.com/api/campaign-results:0
[44477962ms] [ERROR] Failed to load resource: the server responded with a status of 401 () @ https://client-1-77f5570c.flowsbiz.com/api/contacts/queue?limit=1:0
[44477962ms] [ERROR] Failed to load resource: the server responded with a status of 401 () @ https://client-1-77f5570c.flowsbiz.com/api/qr:0
[44479958ms] [ERROR] Failed to load resource: the server responded with a status of 401 () @ https://client-1-77f5570c.flowsbiz.com/api/qr:0
[44481980ms] [ERROR] Failed to load resource: the server responded with a status of 401 () @ https://client-1-77f5570c.flowsbiz.com/api/qr:0
[44482978ms] [ERROR] Failed to load resource: the server responded with a status of 401 () @ https://client-1-77f5570c.flowsbiz.com/api/campaign-results:0
[44482979ms] [ERROR] Failed to load resource: the server responded with a status of 401 () @ https://client-1-77f5570c.flowsbiz.com/api/contacts/queue?limit=1:0
[44483985ms] [ERROR] Failed to load resource: the server responded with a status of 401 () @ https://client-1-77f5570c.flowsbiz.com/api/qr:0
[44485958ms] [ERROR] Failed to load resource: the server responded with a status of 401 () @ https://client-1-77f5570c.flowsbiz.com/api/qr:0
[44487968ms] [ERROR] Failed to load resource: the server responded with a status of 401 () @ https://client-1-77f5570c.flowsbiz.com/api/contacts/queue?limit=1:0
[44487969ms] [ERROR] Failed to load resource: the server responded with a status of 401 () @ https://client-1-77f5570c.flowsbiz.com/api/campaign-results:0
[44487972ms] [ERROR] Failed to load resource: the server responded with a status of 401 () @ https://client-1-77f5570c.flowsbiz.com/api/qr:0
[44489965ms] [ERROR] Failed to load resource: the server responded with a status of 401 () @ https://client-1-77f5570c.flowsbiz.com/api/qr:0
[44491961ms] [ERROR] Failed to load resource: the server responded with a status of 401 () @ https://client-1-77f5570c.flowsbiz.com/api/qr:0
[44492983ms] [ERROR] Failed to load resource: the server responded with a status of 401 () @ https://client-1-77f5570c.flowsbiz.com/api/campaign-results:0
[44492983ms] [ERROR] Failed to load resource: the server responded with a status of 401 () @ https://client-1-77f5570c.flowsbiz.com/api/contacts/queue?limit=1:0
[44493956ms] [ERROR] Failed to load resource: the server responded with a status of 401 () @ https://client-1-77f5570c.flowsbiz.com/api/qr:0
[44495965ms] [ERROR] Failed to load resource: the server responded with a status of 401 () @ https://client-1-77f5570c.flowsbiz.com/api/qr:0
[44497969ms] [ERROR] Failed to load resource: the server responded with a status of 401 () @ https://client-1-77f5570c.flowsbiz.com/api/contacts/queue?limit=1:0
[44497970ms] [ERROR] Failed to load resource: the server responded with a status of 401 () @ https://client-1-77f5570c.flowsbiz.com/api/campaign-results:0
[44497970ms] [ERROR] Failed to load resource: the server responded with a status of 401 () @ https://client-1-77f5570c.flowsbiz.com/api/qr:0
[44499965ms] [ERROR] Failed to load resource: the server responded with a status of 401 () @ https://client-1-77f5570c.flowsbiz.com/api/qr:0
[44501990ms] [ERROR] Failed to load resource: the server responded with a status of 401 () @ https://client-1-77f5570c.flowsbiz.com/api/qr:0
[44502973ms] [ERROR] Failed to load resource: the server responded with a status of 401 () @ https://client-1-77f5570c.flowsbiz.com/api/contacts/queue?limit=1:0
[44502974ms] [ERROR] Failed to load resource: the server responded with a status of 401 () @ https://client-1-77f5570c.flowsbiz.com/api/campaign-results:0
[44503968ms] [ERROR] Failed to load resource: the server responded with a status of 401 () @ https://client-1-77f5570c.flowsbiz.com/api/qr:0
[44505967ms] [ERROR] Failed to load resource: the server responded with a status of 401 () @ https://client-1-77f5570c.flowsbiz.com/api/qr:0
[44507988ms] [ERROR] Failed to load resource: the server responded with a status of 401 () @ https://client-1-77f5570c.flowsbiz.com/api/campaign-results:0
[44507988ms] [ERROR] Failed to load resource: the server responded with a status of 401 () @ https://client-1-77f5570c.flowsbiz.com/api/qr:0
[44507989ms] [ERROR] Failed to load resource: the server responded with a status of 401 () @ https://client-1-77f5570c.flowsbiz.com/api/contacts/queue?limit=1:0
[44509966ms] [ERROR] Failed to load resource: the server responded with a status of 401 () @ https://client-1-77f5570c.flowsbiz.com/api/qr:0
[44511961ms] [ERROR] Failed to load resource: the server responded with a status of 401 () @ https://client-1-77f5570c.flowsbiz.com/api/qr:0
[44512982ms] [ERROR] Failed to load resource: the server responded with a status of 401 () @ https://client-1-77f5570c.flowsbiz.com/api/campaign-results:0
[44512983ms] [ERROR] Failed to load resource: the server responded with a status of 401 () @ https://client-1-77f5570c.flowsbiz.com/api/contacts/queue?limit=1:0
[44513957ms] [ERROR] Failed to load resource: the server responded with a status of 401 () @ https://client-1-77f5570c.flowsbiz.com/api/qr:0
[44515968ms] [ERROR] Failed to load resource: the server responded with a status of 401 () @ https://client-1-77f5570c.flowsbiz.com/api/qr:0
[44517960ms] [ERROR] Failed to load resource: the server responded with a status of 401 () @ https://client-1-77f5570c.flowsbiz.com/api/campaign-results:0
[44517961ms] [ERROR] Failed to load resource: the server responded with a status of 401 () @ https://client-1-77f5570c.flowsbiz.com/api/contacts/queue?limit=1:0
[44517961ms] [ERROR] Failed to load resource: the server responded with a status of 401 () @ https://client-1-77f5570c.flowsbiz.com/api/qr:0
[44519965ms] [ERROR] Failed to load resource: the server responded with a status of 401 () @ https://client-1-77f5570c.flowsbiz.com/api/qr:0
[44521976ms] [ERROR] Failed to load resource: the server responded with a status of 401 () @ https://client-1-77f5570c.flowsbiz.com/api/qr:0
[44522971ms] [ERROR] Failed to load resource: the server responded with a status of 401 () @ https://client-1-77f5570c.flowsbiz.com/api/contacts/queue?limit=1:0
[44522972ms] [ERROR] Failed to load resource: the server responded with a status of 401 () @ https://client-1-77f5570c.flowsbiz.com/api/campaign-results:0
[44523967ms] [ERROR] Failed to load resource: the server responded with a status of 401 () @ https://client-1-77f5570c.flowsbiz.com/api/qr:0
[44525958ms] [ERROR] Failed to load resource: the server responded with a status of 401 () @ https://client-1-77f5570c.flowsbiz.com/api/qr:0
[44527990ms] [ERROR] Failed to load resource: the server responded with a status of 401 () @ https://client-1-77f5570c.flowsbiz.com/api/campaign-results:0
[44527991ms] [ERROR] Failed to load resource: the server responded with a status of 401 () @ https://client-1-77f5570c.flowsbiz.com/api/qr:0
[44527996ms] [ERROR] Failed to load resource: the server responded with a status of 401 () @ https://client-1-77f5570c.flowsbiz.com/api/contacts/queue?limit=1:0
[44529982ms] [ERROR] Failed to load resource: the server responded with a status of 401 () @ https://client-1-77f5570c.flowsbiz.com/api/qr:0
[44531958ms] [ERROR] Failed to load resource: the server responded with a status of 401 () @ https://client-1-77f5570c.flowsbiz.com/api/qr:0
[44532959ms] [ERROR] Failed to load resource: the server responded with a status of 401 () @ https://client-1-77f5570c.flowsbiz.com/api/contacts/queue?limit=1:0
[44532959ms] [ERROR] Failed to load resource: the server responded with a status of 401 () @ https://client-1-77f5570c.flowsbiz.com/api/campaign-results:0
[44533958ms] [ERROR] Failed to load resource: the server responded with a status of 401 () @ https://client-1-77f5570c.flowsbiz.com/api/qr:0
[44535967ms] [ERROR] Failed to load resource: the server responded with a status of 401 () @ https://client-1-77f5570c.flowsbiz.com/api/qr:0
[44537994ms] [ERROR] Failed to load resource: the server responded with a status of 401 () @ https://client-1-77f5570c.flowsbiz.com/api/campaign-results:0
[44537994ms] [ERROR] Failed to load resource: the server responded with a status of 401 () @ https://client-1-77f5570c.flowsbiz.com/api/qr:0
[44537997ms] [ERROR] Failed to load resource: the server responded with a status of 401 () @ https://client-1-77f5570c.flowsbiz.com/api/contacts/queue?limit=1:0
[44539993ms] [ERROR] Failed to load resource: the server responded with a status of 401 () @ https://client-1-77f5570c.flowsbiz.com/api/qr:0
[44541990ms] [ERROR] Failed to load resource: the server responded with a status of 401 () @ https://client-1-77f5570c.flowsbiz.com/api/qr:0
[44542956ms] [ERROR] Failed to load resource: the server responded with a status of 401 () @ https://client-1-77f5570c.flowsbiz.com/api/contacts/queue?limit=1:0
[44542961ms] [ERROR] Failed to load resource: the server responded with a status of 401 () @ https://client-1-77f5570c.flowsbiz.com/api/campaign-results:0
[44543971ms] [ERROR] Failed to load resource: the server responded with a status of 401 () @ https://client-1-77f5570c.flowsbiz.com/api/qr:0
[44545973ms] [ERROR] Failed to load resource: the server responded with a status of 401 () @ https://client-1-77f5570c.flowsbiz.com/api/qr:0
[44547960ms] [ERROR] Failed to load resource: the server responded with a status of 401 () @ https://client-1-77f5570c.flowsbiz.com/api/campaign-results:0
[44547960ms] [ERROR] Failed to load resource: the server responded with a status of 401 () @ https://client-1-77f5570c.flowsbiz.com/api/contacts/queue?limit=1:0
[44547960ms] [ERROR] Failed to load resource: the server responded with a status of 401 () @ https://client-1-77f5570c.flowsbiz.com/api/qr:0
[44549988ms] [ERROR] Failed to load resource: the server responded with a status of 401 () @ https://client-1-77f5570c.flowsbiz.com/api/qr:0
[44552022ms] [ERROR] Failed to load resource: the server responded with a status of 401 () @ https://client-1-77f5570c.flowsbiz.com/api/qr:0
[44552958ms] [ERROR] Failed to load resource: the server responded with a status of 401 () @ https://client-1-77f5570c.flowsbiz.com/api/campaign-results:0
[44552959ms] [ERROR] Failed to load resource: the server responded with a status of 401 () @ https://client-1-77f5570c.flowsbiz.com/api/contacts/queue?limit=1:0
[44554013ms] [ERROR] Failed to load resource: the server responded with a status of 401 () @ https://client-1-77f5570c.flowsbiz.com/api/qr:0
[44555988ms] [ERROR] Failed to load resource: the server responded with a status of 401 () @ https://client-1-77f5570c.flowsbiz.com/api/qr:0
[44557974ms] [ERROR] Failed to load resource: the server responded with a status of 401 () @ https://client-1-77f5570c.flowsbiz.com/api/qr:0
[44557974ms] [ERROR] Failed to load resource: the server responded with a status of 401 () @ https://client-1-77f5570c.flowsbiz.com/api/campaign-results:0
[44557974ms] [ERROR] Failed to load resource: the server responded with a status of 401 () @ https://client-1-77f5570c.flowsbiz.com/api/contacts/queue?limit=1:0
[44560008ms] [ERROR] Failed to load resource: the server responded with a status of 401 () @ https://client-1-77f5570c.flowsbiz.com/api/qr:0
[44561986ms] [ERROR] Failed to load resource: the server responded with a status of 401 () @ https://client-1-77f5570c.flowsbiz.com/api/qr:0
[44562991ms] [ERROR] Failed to load resource: the server responded with a status of 401 () @ https://client-1-77f5570c.flowsbiz.com/api/campaign-results:0
[44562991ms] [ERROR] Failed to load resource: the server responded with a status of 401 () @ https://client-1-77f5570c.flowsbiz.com/api/contacts/queue?limit=1:0
[44563958ms] [ERROR] Failed to load resource: the server responded with a status of 401 () @ https://client-1-77f5570c.flowsbiz.com/api/qr:0
[44565975ms] [ERROR] Failed to load resource: the server responded with a status of 401 () @ https://client-1-77f5570c.flowsbiz.com/api/qr:0
[44567970ms] [ERROR] Failed to load resource: the server responded with a status of 401 () @ https://client-1-77f5570c.flowsbiz.com/api/campaign-results:0
[44567971ms] [ERROR] Failed to load resource: the server responded with a status of 401 () @ https://client-1-77f5570c.flowsbiz.com/api/contacts/queue?limit=1:0
[44567971ms] [ERROR] Failed to load resource: the server responded with a status of 401 () @ https://client-1-77f5570c.flowsbiz.com/api/qr:0
[44570040ms] [ERROR] Failed to load resource: the server responded with a status of 401 () @ https://client-1-77f5570c.flowsbiz.com/api/qr:0
[44571990ms] [ERROR] Failed to load resource: the server responded with a status of 401 () @ https://client-1-77f5570c.flowsbiz.com/api/qr:0
[44572969ms] [ERROR] Failed to load resource: the server responded with a status of 401 () @ https://client-1-77f5570c.flowsbiz.com/api/contacts/queue?limit=1:0
[44572970ms] [ERROR] Failed to load resource: the server responded with a status of 401 () @ https://client-1-77f5570c.flowsbiz.com/api/campaign-results:0
[44573964ms] [ERROR] Failed to load resource: the server responded with a status of 401 () @ https://client-1-77f5570c.flowsbiz.com/api/qr:0
[44575961ms] [ERROR] Failed to load resource: the server responded with a status of 401 () @ https://client-1-77f5570c.flowsbiz.com/api/qr:0
[44577974ms] [ERROR] Failed to load resource: the server responded with a status of 401 () @ https://client-1-77f5570c.flowsbiz.com/api/campaign-results:0
[44577974ms] [ERROR] Failed to load resource: the server responded with a status of 401 () @ https://client-1-77f5570c.flowsbiz.com/api/contacts/queue?limit=1:0
[44577975ms] [ERROR] Failed to load resource: the server responded with a status of 401 () @ https://client-1-77f5570c.flowsbiz.com/api/qr:0
[44579974ms] [ERROR] Failed to load resource: the server responded with a status of 401 () @ https://client-1-77f5570c.flowsbiz.com/api/qr:0
[44582030ms] [ERROR] Failed to load resource: the server responded with a status of 401 () @ https://client-1-77f5570c.flowsbiz.com/api/qr:0
[44582985ms] [ERROR] Failed to load resource: the server responded with a status of 401 () @ https://client-1-77f5570c.flowsbiz.com/api/contacts/queue?limit=1:0
[44582986ms] [ERROR] Failed to load resource: the server responded with a status of 401 () @ https://client-1-77f5570c.flowsbiz.com/api/campaign-results:0
[44584016ms] [ERROR] Failed to load resource: the server responded with a status of 401 () @ https://client-1-77f5570c.flowsbiz.com/api/qr:0
[44585961ms] [ERROR] Failed to load resource: the server responded with a status of 401 () @ https://client-1-77f5570c.flowsbiz.com/api/qr:0
[44587964ms] [ERROR] Failed to load resource: the server responded with a status of 401 () @ https://client-1-77f5570c.flowsbiz.com/api/qr:0
[44587965ms] [ERROR] Failed to load resource: the server responded with a status of 401 () @ https://client-1-77f5570c.flowsbiz.com/api/campaign-results:0
[44587966ms] [ERROR] Failed to load resource: the server responded with a status of 401 () @ https://client-1-77f5570c.flowsbiz.com/api/contacts/queue?limit=1:0
[44589964ms] [ERROR] Failed to load resource: the server responded with a status of 401 () @ https://client-1-77f5570c.flowsbiz.com/api/qr:0
[44591984ms] [ERROR] Failed to load resource: the server responded with a status of 401 () @ https://client-1-77f5570c.flowsbiz.com/api/qr:0
[44592972ms] [ERROR] Failed to load resource: the server responded with a status of 401 () @ https://client-1-77f5570c.flowsbiz.com/api/contacts/queue?limit=1:0
[44592973ms] [ERROR] Failed to load resource: the server responded with a status of 401 () @ https://client-1-77f5570c.flowsbiz.com/api/campaign-results:0
[44593956ms] [ERROR] Failed to load resource: the server responded with a status of 401 () @ https://client-1-77f5570c.flowsbiz.com/api/qr:0
[44595958ms] [ERROR] Failed to load resource: the server responded with a status of 401 () @ https://client-1-77f5570c.flowsbiz.com/api/qr:0
[44597994ms] [ERROR] Failed to load resource: the server responded with a status of 401 () @ https://client-1-77f5570c.flowsbiz.com/api/campaign-results:0
[44597994ms] [ERROR] Failed to load resource: the server responded with a status of 401 () @ https://client-1-77f5570c.flowsbiz.com/api/contacts/queue?limit=1:0
[44597994ms] [ERROR] Failed to load resource: the server responded with a status of 401 () @ https://client-1-77f5570c.flowsbiz.com/api/qr:0
[44599991ms] [ERROR] Failed to load resource: the server responded with a status of 401 () @ https://client-1-77f5570c.flowsbiz.com/api/qr:0
[44601959ms] [ERROR] Failed to load resource: the server responded with a status of 401 () @ https://client-1-77f5570c.flowsbiz.com/api/qr:0
[44602979ms] [ERROR] Failed to load resource: the server responded with a status of 401 () @ https://client-1-77f5570c.flowsbiz.com/api/campaign-results:0
[44602979ms] [ERROR] Failed to load resource: the server responded with a status of 401 () @ https://client-1-77f5570c.flowsbiz.com/api/contacts/queue?limit=1:0
[44603991ms] [ERROR] Failed to load resource: the server responded with a status of 401 () @ https://client-1-77f5570c.flowsbiz.com/api/qr:0
[44605967ms] [ERROR] Failed to load resource: the server responded with a status of 401 () @ https://client-1-77f5570c.flowsbiz.com/api/qr:0
[44607960ms] [ERROR] Failed to load resource: the server responded with a status of 401 () @ https://client-1-77f5570c.flowsbiz.com/api/campaign-results:0
[44607960ms] [ERROR] Failed to load resource: the server responded with a status of 401 () @ https://client-1-77f5570c.flowsbiz.com/api/contacts/queue?limit=1:0
[44607960ms] [ERROR] Failed to load resource: the server responded with a status of 401 () @ https://client-1-77f5570c.flowsbiz.com/api/qr:0
[44609963ms] [ERROR] Failed to load resource: the server responded with a status of 401 () @ https://client-1-77f5570c.flowsbiz.com/api/qr:0
[44611987ms] [ERROR] Failed to load resource: the server responded with a status of 401 () @ https://client-1-77f5570c.flowsbiz.com/api/qr:0
[44612987ms] [ERROR] Failed to load resource: the server responded with a status of 401 () @ https://client-1-77f5570c.flowsbiz.com/api/contacts/queue?limit=1:0
[44612987ms] [ERROR] Failed to load resource: the server responded with a status of 401 () @ https://client-1-77f5570c.flowsbiz.com/api/campaign-results:0
[44614026ms] [ERROR] Failed to load resource: the server responded with a status of 401 () @ https://client-1-77f5570c.flowsbiz.com/api/qr:0
[44615960ms] [ERROR] Failed to load resource: the server responded with a status of 401 () @ https://client-1-77f5570c.flowsbiz.com/api/qr:0
[44617979ms] [ERROR] Failed to load resource: the server responded with a status of 401 () @ https://client-1-77f5570c.flowsbiz.com/api/contacts/queue?limit=1:0
[44617979ms] [ERROR] Failed to load resource: the server responded with a status of 401 () @ https://client-1-77f5570c.flowsbiz.com/api/qr:0
[44617979ms] [ERROR] Failed to load resource: the server responded with a status of 401 () @ https://client-1-77f5570c.flowsbiz.com/api/campaign-results:0
[44619970ms] [ERROR] Failed to load resource: the server responded with a status of 401 () @ https://client-1-77f5570c.flowsbiz.com/api/qr:0
[44621976ms] [ERROR] Failed to load resource: the server responded with a status of 401 () @ https://client-1-77f5570c.flowsbiz.com/api/qr:0
[44622987ms] [ERROR] Failed to load resource: the server responded with a status of 401 () @ https://client-1-77f5570c.flowsbiz.com/api/contacts/queue?limit=1:0
[44622988ms] [ERROR] Failed to load resource: the server responded with a status of 401 () @ https://client-1-77f5570c.flowsbiz.com/api/campaign-results:0
[44623962ms] [ERROR] Failed to load resource: the server responded with a status of 401 () @ https://client-1-77f5570c.flowsbiz.com/api/qr:0
[44625981ms] [ERROR] Failed to load resource: the server responded with a status of 401 () @ https://client-1-77f5570c.flowsbiz.com/api/qr:0
[44627977ms] [ERROR] Failed to load resource: the server responded with a status of 401 () @ https://client-1-77f5570c.flowsbiz.com/api/campaign-results:0
[44627978ms] [ERROR] Failed to load resource: the server responded with a status of 401 () @ https://client-1-77f5570c.flowsbiz.com/api/contacts/queue?limit=1:0
[44627978ms] [ERROR] Failed to load resource: the server responded with a status of 401 () @ https://client-1-77f5570c.flowsbiz.com/api/qr:0
[44629959ms] [ERROR] Failed to load resource: the server responded with a status of 401 () @ https://client-1-77f5570c.flowsbiz.com/api/qr:0
[44631974ms] [ERROR] Failed to load resource: the server responded with a status of 401 () @ https://client-1-77f5570c.flowsbiz.com/api/qr:0
[44632979ms] [ERROR] Failed to load resource: the server responded with a status of 401 () @ https://client-1-77f5570c.flowsbiz.com/api/contacts/queue?limit=1:0
[44632980ms] [ERROR] Failed to load resource: the server responded with a status of 401 () @ https://client-1-77f5570c.flowsbiz.com/api/campaign-results:0
[44633958ms] [ERROR] Failed to load resource: the server responded with a status of 401 () @ https://client-1-77f5570c.flowsbiz.com/api/qr:0
[44635956ms] [ERROR] Failed to load resource: the server responded with a status of 401 () @ https://client-1-77f5570c.flowsbiz.com/api/qr:0
[44637985ms] [ERROR] Failed to load resource: the server responded with a status of 401 () @ https://client-1-77f5570c.flowsbiz.com/api/contacts/queue?limit=1:0
[44637986ms] [ERROR] Failed to load resource: the server responded with a status of 401 () @ https://client-1-77f5570c.flowsbiz.com/api/campaign-results:0
[44637986ms] [ERROR] Failed to load resource: the server responded with a status of 401 () @ https://client-1-77f5570c.flowsbiz.com/api/qr:0
[44639959ms] [ERROR] Failed to load resource: the server responded with a status of 401 () @ https://client-1-77f5570c.flowsbiz.com/api/qr:0
[44641985ms] [ERROR] Failed to load resource: the server responded with a status of 401 () @ https://client-1-77f5570c.flowsbiz.com/api/qr:0
[44642979ms] [ERROR] Failed to load resource: the server responded with a status of 401 () @ https://client-1-77f5570c.flowsbiz.com/api/contacts/queue?limit=1:0
[44642979ms] [ERROR] Failed to load resource: the server responded with a status of 401 () @ https://client-1-77f5570c.flowsbiz.com/api/campaign-results:0
[44643972ms] [ERROR] Failed to load resource: the server responded with a status of 401 () @ https://client-1-77f5570c.flowsbiz.com/api/qr:0
[44645965ms] [ERROR] Failed to load resource: the server responded with a status of 401 () @ https://client-1-77f5570c.flowsbiz.com/api/qr:0
[44647979ms] [ERROR] Failed to load resource: the server responded with a status of 401 () @ https://client-1-77f5570c.flowsbiz.com/api/contacts/queue?limit=1:0
[44647979ms] [ERROR] Failed to load resource: the server responded with a status of 401 () @ https://client-1-77f5570c.flowsbiz.com/api/campaign-results:0
[44647979ms] [ERROR] Failed to load resource: the server responded with a status of 401 () @ https://client-1-77f5570c.flowsbiz.com/api/qr:0
[44649965ms] [ERROR] Failed to load resource: the server responded with a status of 401 () @ https://client-1-77f5570c.flowsbiz.com/api/qr:0
[44651980ms] [ERROR] Failed to load resource: the server responded with a status of 401 () @ https://client-1-77f5570c.flowsbiz.com/api/qr:0
[44652997ms] [ERROR] Failed to load resource: the server responded with a status of 401 () @ https://client-1-77f5570c.flowsbiz.com/api/campaign-results:0
[44652997ms] [ERROR] Failed to load resource: the server responded with a status of 401 () @ https://client-1-77f5570c.flowsbiz.com/api/contacts/queue?limit=1:0
[44653969ms] [ERROR] Failed to load resource: the server responded with a status of 401 () @ https://client-1-77f5570c.flowsbiz.com/api/qr:0
[44655960ms] [ERROR] Failed to load resource: the server responded with a status of 401 () @ https://client-1-77f5570c.flowsbiz.com/api/qr:0
[44657964ms] [ERROR] Failed to load resource: the server responded with a status of 401 () @ https://client-1-77f5570c.flowsbiz.com/api/contacts/queue?limit=1:0
[44657964ms] [ERROR] Failed to load resource: the server responded with a status of 401 () @ https://client-1-77f5570c.flowsbiz.com/api/campaign-results:0
[44657965ms] [ERROR] Failed to load resource: the server responded with a status of 401 () @ https://client-1-77f5570c.flowsbiz.com/api/qr:0
[44659961ms] [ERROR] Failed to load resource: the server responded with a status of 401 () @ https://client-1-77f5570c.flowsbiz.com/api/qr:0
[44661991ms] [ERROR] Failed to load resource: the server responded with a status of 401 () @ https://client-1-77f5570c.flowsbiz.com/api/qr:0
[44662972ms] [ERROR] Failed to load resource: the server responded with a status of 401 () @ https://client-1-77f5570c.flowsbiz.com/api/contacts/queue?limit=1:0
[44662972ms] [ERROR] Failed to load resource: the server responded with a status of 401 () @ https://client-1-77f5570c.flowsbiz.com/api/campaign-results:0
[44663979ms] [ERROR] Failed to load resource: the server responded with a status of 401 () @ https://client-1-77f5570c.flowsbiz.com/api/qr:0
[44665968ms] [ERROR] Failed to load resource: the server responded with a status of 401 () @ https://client-1-77f5570c.flowsbiz.com/api/qr:0
[44667988ms] [ERROR] Failed to load resource: the server responded with a status of 401 () @ https://client-1-77f5570c.flowsbiz.com/api/campaign-results:0
[44667988ms] [ERROR] Failed to load resource: the server responded with a status of 401 () @ https://client-1-77f5570c.flowsbiz.com/api/qr:0
[44667988ms] [ERROR] Failed to load resource: the server responded with a status of 401 () @ https://client-1-77f5570c.flowsbiz.com/api/contacts/queue?limit=1:0
[44669959ms] [ERROR] Failed to load resource: the server responded with a status of 401 () @ https://client-1-77f5570c.flowsbiz.com/api/qr:0
[44671983ms] [ERROR] Failed to load resource: the server responded with a status of 401 () @ https://client-1-77f5570c.flowsbiz.com/api/qr:0
[44672987ms] [ERROR] Failed to load resource: the server responded with a status of 401 () @ https://client-1-77f5570c.flowsbiz.com/api/campaign-results:0
[44672988ms] [ERROR] Failed to load resource: the server responded with a status of 401 () @ https://client-1-77f5570c.flowsbiz.com/api/contacts/queue?limit=1:0
[44673967ms] [ERROR] Failed to load resource: the server responded with a status of 401 () @ https://client-1-77f5570c.flowsbiz.com/api/qr:0
[44675979ms] [ERROR] Failed to load resource: the server responded with a status of 401 () @ https://client-1-77f5570c.flowsbiz.com/api/qr:0
[44677976ms] [ERROR] Failed to load resource: the server responded with a status of 401 () @ https://client-1-77f5570c.flowsbiz.com/api/qr:0
[44677977ms] [ERROR] Failed to load resource: the server responded with a status of 401 () @ https://client-1-77f5570c.flowsbiz.com/api/contacts/queue?limit=1:0
[44677977ms] [ERROR] Failed to load resource: the server responded with a status of 401 () @ https://client-1-77f5570c.flowsbiz.com/api/campaign-results:0
[44679982ms] [ERROR] Failed to load resource: the server responded with a status of 401 () @ https://client-1-77f5570c.flowsbiz.com/api/qr:0
[44681995ms] [ERROR] Failed to load resource: the server responded with a status of 401 () @ https://client-1-77f5570c.flowsbiz.com/api/qr:0
[44682982ms] [ERROR] Failed to load resource: the server responded with a status of 401 () @ https://client-1-77f5570c.flowsbiz.com/api/contacts/queue?limit=1:0
[44682982ms] [ERROR] Failed to load resource: the server responded with a status of 401 () @ https://client-1-77f5570c.flowsbiz.com/api/campaign-results:0
[44683963ms] [ERROR] Failed to load resource: the server responded with a status of 401 () @ https://client-1-77f5570c.flowsbiz.com/api/qr:0
[44685972ms] [ERROR] Failed to load resource: the server responded with a status of 401 () @ https://client-1-77f5570c.flowsbiz.com/api/qr:0
[44687984ms] [ERROR] Failed to load resource: the server responded with a status of 401 () @ https://client-1-77f5570c.flowsbiz.com/api/contacts/queue?limit=1:0
[44687984ms] [ERROR] Failed to load resource: the server responded with a status of 401 () @ https://client-1-77f5570c.flowsbiz.com/api/campaign-results:0
[44687985ms] [ERROR] Failed to load resource: the server responded with a status of 401 () @ https://client-1-77f5570c.flowsbiz.com/api/qr:0
[44689966ms] [ERROR] Failed to load resource: the server responded with a status of 401 () @ https://client-1-77f5570c.flowsbiz.com/api/qr:0
[44691981ms] [ERROR] Failed to load resource: the server responded with a status of 401 () @ https://client-1-77f5570c.flowsbiz.com/api/qr:0
[44692977ms] [ERROR] Failed to load resource: the server responded with a status of 401 () @ https://client-1-77f5570c.flowsbiz.com/api/contacts/queue?limit=1:0
[44692977ms] [ERROR] Failed to load resource: the server responded with a status of 401 () @ https://client-1-77f5570c.flowsbiz.com/api/campaign-results:0
[44693986ms] [ERROR] Failed to load resource: the server responded with a status of 401 () @ https://client-1-77f5570c.flowsbiz.com/api/qr:0
[44695984ms] [ERROR] Failed to load resource: the server responded with a status of 401 () @ https://client-1-77f5570c.flowsbiz.com/api/qr:0
[44697959ms] [ERROR] Failed to load resource: the server responded with a status of 401 () @ https://client-1-77f5570c.flowsbiz.com/api/qr:0
[44697960ms] [ERROR] Failed to load resource: the server responded with a status of 401 () @ https://client-1-77f5570c.flowsbiz.com/api/campaign-results:0
[44697960ms] [ERROR] Failed to load resource: the server responded with a status of 401 () @ https://client-1-77f5570c.flowsbiz.com/api/contacts/queue?limit=1:0
[44699981ms] [ERROR] Failed to load resource: the server responded with a status of 401 () @ https://client-1-77f5570c.flowsbiz.com/api/qr:0
[44701990ms] [ERROR] Failed to load resource: the server responded with a status of 401 () @ https://client-1-77f5570c.flowsbiz.com/api/qr:0
[44702969ms] [ERROR] Failed to load resource: the server responded with a status of 401 () @ https://client-1-77f5570c.flowsbiz.com/api/contacts/queue?limit=1:0
[44702969ms] [ERROR] Failed to load resource: the server responded with a status of 401 () @ https://client-1-77f5570c.flowsbiz.com/api/campaign-results:0
[44704039ms] [ERROR] Failed to load resource: the server responded with a status of 401 () @ https://client-1-77f5570c.flowsbiz.com/api/qr:0
[44705977ms] [ERROR] Failed to load resource: the server responded with a status of 401 () @ https://client-1-77f5570c.flowsbiz.com/api/qr:0
[44707988ms] [ERROR] Failed to load resource: the server responded with a status of 401 () @ https://client-1-77f5570c.flowsbiz.com/api/contacts/queue?limit=1:0
[44707988ms] [ERROR] Failed to load resource: the server responded with a status of 401 () @ https://client-1-77f5570c.flowsbiz.com/api/campaign-results:0
[44707988ms] [ERROR] Failed to load resource: the server responded with a status of 401 () @ https://client-1-77f5570c.flowsbiz.com/api/qr:0
[44709981ms] [ERROR] Failed to load resource: the server responded with a status of 401 () @ https://client-1-77f5570c.flowsbiz.com/api/qr:0
[44711958ms] [ERROR] Failed to load resource: the server responded with a status of 401 () @ https://client-1-77f5570c.flowsbiz.com/api/qr:0
[44712984ms] [ERROR] Failed to load resource: the server responded with a status of 401 () @ https://client-1-77f5570c.flowsbiz.com/api/campaign-results:0
[44712984ms] [ERROR] Failed to load resource: the server responded with a status of 401 () @ https://client-1-77f5570c.flowsbiz.com/api/contacts/queue?limit=1:0
[44713963ms] [ERROR] Failed to load resource: the server responded with a status of 401 () @ https://client-1-77f5570c.flowsbiz.com/api/qr:0
[44715961ms] [ERROR] Failed to load resource: the server responded with a status of 401 () @ https://client-1-77f5570c.flowsbiz.com/api/qr:0
[44717979ms] [ERROR] Failed to load resource: the server responded with a status of 401 () @ https://client-1-77f5570c.flowsbiz.com/api/contacts/queue?limit=1:0
[44717980ms] [ERROR] Failed to load resource: the server responded with a status of 401 () @ https://client-1-77f5570c.flowsbiz.com/api/qr:0
[44717983ms] [ERROR] Failed to load resource: the server responded with a status of 401 () @ https://client-1-77f5570c.flowsbiz.com/api/campaign-results:0
[44719964ms] [ERROR] Failed to load resource: the server responded with a status of 401 () @ https://client-1-77f5570c.flowsbiz.com/api/qr:0
[44721960ms] [ERROR] Failed to load resource: the server responded with a status of 401 () @ https://client-1-77f5570c.flowsbiz.com/api/qr:0
[44722971ms] [ERROR] Failed to load resource: the server responded with a status of 401 () @ https://client-1-77f5570c.flowsbiz.com/api/contacts/queue?limit=1:0
[44722971ms] [ERROR] Failed to load resource: the server responded with a status of 401 () @ https://client-1-77f5570c.flowsbiz.com/api/campaign-results:0
[44723986ms] [ERROR] Failed to load resource: the server responded with a status of 401 () @ https://client-1-77f5570c.flowsbiz.com/api/qr:0
[44725969ms] [ERROR] Failed to load resource: the server responded with a status of 401 () @ https://client-1-77f5570c.flowsbiz.com/api/qr:0
[44727956ms] [ERROR] Failed to load resource: the server responded with a status of 401 () @ https://client-1-77f5570c.flowsbiz.com/api/contacts/queue?limit=1:0
[44727958ms] [ERROR] Failed to load resource: the server responded with a status of 401 () @ https://client-1-77f5570c.flowsbiz.com/api/qr:0
[44727958ms] [ERROR] Failed to load resource: the server responded with a status of 401 () @ https://client-1-77f5570c.flowsbiz.com/api/campaign-results:0
[44729979ms] [ERROR] Failed to load resource: the server responded with a status of 401 () @ https://client-1-77f5570c.flowsbiz.com/api/qr:0
[44731958ms] [ERROR] Failed to load resource: the server responded with a status of 401 () @ https://client-1-77f5570c.flowsbiz.com/api/qr:0
[44732957ms] [ERROR] Failed to load resource: the server responded with a status of 401 () @ https://client-1-77f5570c.flowsbiz.com/api/contacts/queue?limit=1:0
[44732957ms] [ERROR] Failed to load resource: the server responded with a status of 401 () @ https://client-1-77f5570c.flowsbiz.com/api/campaign-results:0
[44733990ms] [ERROR] Failed to load resource: the server responded with a status of 401 () @ https://client-1-77f5570c.flowsbiz.com/api/qr:0
[44735955ms] [ERROR] Failed to load resource: the server responded with a status of 401 () @ https://client-1-77f5570c.flowsbiz.com/api/qr:0
[44737964ms] [ERROR] Failed to load resource: the server responded with a status of 401 () @ https://client-1-77f5570c.flowsbiz.com/api/contacts/queue?limit=1:0
[44737964ms] [ERROR] Failed to load resource: the server responded with a status of 401 () @ https://client-1-77f5570c.flowsbiz.com/api/campaign-results:0
[44737964ms] [ERROR] Failed to load resource: the server responded with a status of 401 () @ https://client-1-77f5570c.flowsbiz.com/api/qr:0
[44739979ms] [ERROR] Failed to load resource: the server responded with a status of 401 () @ https://client-1-77f5570c.flowsbiz.com/api/qr:0
[44741968ms] [ERROR] Failed to load resource: the server responded with a status of 401 () @ https://client-1-77f5570c.flowsbiz.com/api/qr:0
[44742968ms] [ERROR] Failed to load resource: the server responded with a status of 401 () @ https://client-1-77f5570c.flowsbiz.com/api/contacts/queue?limit=1:0
[44742968ms] [ERROR] Failed to load resource: the server responded with a status of 401 () @ https://client-1-77f5570c.flowsbiz.com/api/campaign-results:0
[44743963ms] [ERROR] Failed to load resource: the server responded with a status of 401 () @ https://client-1-77f5570c.flowsbiz.com/api/qr:0
[44745972ms] [ERROR] Failed to load resource: the server responded with a status of 401 () @ https://client-1-77f5570c.flowsbiz.com/api/qr:0
[44747979ms] [ERROR] Failed to load resource: the server responded with a status of 401 () @ https://client-1-77f5570c.flowsbiz.com/api/campaign-results:0
[44747979ms] [ERROR] Failed to load resource: the server responded with a status of 401 () @ https://client-1-77f5570c.flowsbiz.com/api/qr:0
[44747980ms] [ERROR] Failed to load resource: the server responded with a status of 401 () @ https://client-1-77f5570c.flowsbiz.com/api/contacts/queue?limit=1:0
[44749979ms] [ERROR] Failed to load resource: the server responded with a status of 401 () @ https://client-1-77f5570c.flowsbiz.com/api/qr:0
[44751978ms] [ERROR] Failed to load resource: the server responded with a status of 401 () @ https://client-1-77f5570c.flowsbiz.com/api/qr:0
[44752961ms] [ERROR] Failed to load resource: the server responded with a status of 401 () @ https://client-1-77f5570c.flowsbiz.com/api/campaign-results:0
[44752961ms] [ERROR] Failed to load resource: the server responded with a status of 401 () @ https://client-1-77f5570c.flowsbiz.com/api/contacts/queue?limit=1:0
[44754010ms] [ERROR] Failed to load resource: the server responded with a status of 401 () @ https://client-1-77f5570c.flowsbiz.com/api/qr:0
[44755963ms] [ERROR] Failed to load resource: the server responded with a status of 401 () @ https://client-1-77f5570c.flowsbiz.com/api/qr:0
[44757982ms] [ERROR] Failed to load resource: the server responded with a status of 401 () @ https://client-1-77f5570c.flowsbiz.com/api/campaign-results:0
[44757982ms] [ERROR] Failed to load resource: the server responded with a status of 401 () @ https://client-1-77f5570c.flowsbiz.com/api/contacts/queue?limit=1:0
[44757985ms] [ERROR] Failed to load resource: the server responded with a status of 401 () @ https://client-1-77f5570c.flowsbiz.com/api/qr:0
[44759960ms] [ERROR] Failed to load resource: the server responded with a status of 401 () @ https://client-1-77f5570c.flowsbiz.com/api/qr:0
[44761959ms] [ERROR] Failed to load resource: the server responded with a status of 401 () @ https://client-1-77f5570c.flowsbiz.com/api/qr:0
[44762981ms] [ERROR] Failed to load resource: the server responded with a status of 401 () @ https://client-1-77f5570c.flowsbiz.com/api/contacts/queue?limit=1:0
[44762981ms] [ERROR] Failed to load resource: the server responded with a status of 401 () @ https://client-1-77f5570c.flowsbiz.com/api/campaign-results:0
[44763994ms] [ERROR] Failed to load resource: the server responded with a status of 401 () @ https://client-1-77f5570c.flowsbiz.com/api/qr:0
[44765974ms] [ERROR] Failed to load resource: the server responded with a status of 401 () @ https://client-1-77f5570c.flowsbiz.com/api/qr:0
[44767991ms] [ERROR] Failed to load resource: the server responded with a status of 401 () @ https://client-1-77f5570c.flowsbiz.com/api/campaign-results:0
[44767992ms] [ERROR] Failed to load resource: the server responded with a status of 401 () @ https://client-1-77f5570c.flowsbiz.com/api/contacts/queue?limit=1:0
[44767992ms] [ERROR] Failed to load resource: the server responded with a status of 401 () @ https://client-1-77f5570c.flowsbiz.com/api/qr:0
[44769981ms] [ERROR] Failed to load resource: the server responded with a status of 401 () @ https://client-1-77f5570c.flowsbiz.com/api/qr:0
[44771963ms] [ERROR] Failed to load resource: the server responded with a status of 401 () @ https://client-1-77f5570c.flowsbiz.com/api/qr:0
[44772970ms] [ERROR] Failed to load resource: the server responded with a status of 401 () @ https://client-1-77f5570c.flowsbiz.com/api/campaign-results:0
[44772970ms] [ERROR] Failed to load resource: the server responded with a status of 401 () @ https://client-1-77f5570c.flowsbiz.com/api/contacts/queue?limit=1:0
[44773963ms] [ERROR] Failed to load resource: the server responded with a status of 401 () @ https://client-1-77f5570c.flowsbiz.com/api/qr:0
[44775977ms] [ERROR] Failed to load resource: the server responded with a status of 401 () @ https://client-1-77f5570c.flowsbiz.com/api/qr:0
[44777986ms] [ERROR] Failed to load resource: the server responded with a status of 401 () @ https://client-1-77f5570c.flowsbiz.com/api/campaign-results:0
[44777986ms] [ERROR] Failed to load resource: the server responded with a status of 401 () @ https://client-1-77f5570c.flowsbiz.com/api/contacts/queue?limit=1:0
[44777986ms] [ERROR] Failed to load resource: the server responded with a status of 401 () @ https://client-1-77f5570c.flowsbiz.com/api/qr:0
[44779979ms] [ERROR] Failed to load resource: the server responded with a status of 401 () @ https://client-1-77f5570c.flowsbiz.com/api/qr:0
[44781980ms] [ERROR] Failed to load resource: the server responded with a status of 401 () @ https://client-1-77f5570c.flowsbiz.com/api/qr:0
[44782987ms] [ERROR] Failed to load resource: the server responded with a status of 401 () @ https://client-1-77f5570c.flowsbiz.com/api/campaign-results:0
[44782987ms] [ERROR] Failed to load resource: the server responded with a status of 401 () @ https://client-1-77f5570c.flowsbiz.com/api/contacts/queue?limit=1:0
[44783996ms] [ERROR] Failed to load resource: the server responded with a status of 401 () @ https://client-1-77f5570c.flowsbiz.com/api/qr:0
[44786012ms] [ERROR] Failed to load resource: the server responded with a status of 401 () @ https://client-1-77f5570c.flowsbiz.com/api/qr:0
[44787987ms] [ERROR] Failed to load resource: the server responded with a status of 401 () @ https://client-1-77f5570c.flowsbiz.com/api/contacts/queue?limit=1:0
[44787988ms] [ERROR] Failed to load resource: the server responded with a status of 401 () @ https://client-1-77f5570c.flowsbiz.com/api/campaign-results:0
[44787988ms] [ERROR] Failed to load resource: the server responded with a status of 401 () @ https://client-1-77f5570c.flowsbiz.com/api/qr:0
[44789981ms] [ERROR] Failed to load resource: the server responded with a status of 401 () @ https://client-1-77f5570c.flowsbiz.com/api/qr:0
[44791956ms] [ERROR] Failed to load resource: the server responded with a status of 401 () @ https://client-1-77f5570c.flowsbiz.com/api/qr:0
[44792981ms] [ERROR] Failed to load resource: the server responded with a status of 401 () @ https://client-1-77f5570c.flowsbiz.com/api/contacts/queue?limit=1:0
[44792981ms] [ERROR] Failed to load resource: the server responded with a status of 401 () @ https://client-1-77f5570c.flowsbiz.com/api/campaign-results:0
[44793978ms] [ERROR] Failed to load resource: the server responded with a status of 401 () @ https://client-1-77f5570c.flowsbiz.com/api/qr:0
[44795960ms] [ERROR] Failed to load resource: the server responded with a status of 401 () @ https://client-1-77f5570c.flowsbiz.com/api/qr:0
[44797966ms] [ERROR] Failed to load resource: the server responded with a status of 401 () @ https://client-1-77f5570c.flowsbiz.com/api/contacts/queue?limit=1:0
[44797967ms] [ERROR] Failed to load resource: the server responded with a status of 401 () @ https://client-1-77f5570c.flowsbiz.com/api/campaign-results:0
[44797967ms] [ERROR] Failed to load resource: the server responded with a status of 401 () @ https://client-1-77f5570c.flowsbiz.com/api/qr:0
[44799980ms] [ERROR] Failed to load resource: the server responded with a status of 401 () @ https://client-1-77f5570c.flowsbiz.com/api/qr:0
[44801972ms] [ERROR] Failed to load resource: the server responded with a status of 401 () @ https://client-1-77f5570c.flowsbiz.com/api/qr:0
[44802981ms] [ERROR] Failed to load resource: the server responded with a status of 401 () @ https://client-1-77f5570c.flowsbiz.com/api/contacts/queue?limit=1:0
[44802981ms] [ERROR] Failed to load resource: the server responded with a status of 401 () @ https://client-1-77f5570c.flowsbiz.com/api/campaign-results:0
[44803961ms] [ERROR] Failed to load resource: the server responded with a status of 401 () @ https://client-1-77f5570c.flowsbiz.com/api/qr:0
[44805971ms] [ERROR] Failed to load resource: the server responded with a status of 401 () @ https://client-1-77f5570c.flowsbiz.com/api/qr:0
[44807974ms] [ERROR] Failed to load resource: the server responded with a status of 401 () @ https://client-1-77f5570c.flowsbiz.com/api/contacts/queue?limit=1:0
[44807975ms] [ERROR] Failed to load resource: the server responded with a status of 401 () @ https://client-1-77f5570c.flowsbiz.com/api/campaign-results:0
[44807975ms] [ERROR] Failed to load resource: the server responded with a status of 401 () @ https://client-1-77f5570c.flowsbiz.com/api/qr:0
[44809978ms] [ERROR] Failed to load resource: the server responded with a status of 401 () @ https://client-1-77f5570c.flowsbiz.com/api/qr:0
[44811983ms] [ERROR] Failed to load resource: the server responded with a status of 401 () @ https://client-1-77f5570c.flowsbiz.com/api/qr:0
[44812980ms] [ERROR] Failed to load resource: the server responded with a status of 401 () @ https://client-1-77f5570c.flowsbiz.com/api/contacts/queue?limit=1:0
[44812981ms] [ERROR] Failed to load resource: the server responded with a status of 401 () @ https://client-1-77f5570c.flowsbiz.com/api/campaign-results:0
[44814025ms] [ERROR] Failed to load resource: the server responded with a status of 401 () @ https://client-1-77f5570c.flowsbiz.com/api/qr:0
[44815970ms] [ERROR] Failed to load resource: the server responded with a status of 401 () @ https://client-1-77f5570c.flowsbiz.com/api/qr:0
[44817964ms] [ERROR] Failed to load resource: the server responded with a status of 401 () @ https://client-1-77f5570c.flowsbiz.com/api/campaign-results:0
[44817965ms] [ERROR] Failed to load resource: the server responded with a status of 401 () @ https://client-1-77f5570c.flowsbiz.com/api/contacts/queue?limit=1:0
[44817965ms] [ERROR] Failed to load resource: the server responded with a status of 401 () @ https://client-1-77f5570c.flowsbiz.com/api/qr:0
[44819982ms] [ERROR] Failed to load resource: the server responded with a status of 401 () @ https://client-1-77f5570c.flowsbiz.com/api/qr:0
[44821999ms] [ERROR] Failed to load resource: the server responded with a status of 401 () @ https://client-1-77f5570c.flowsbiz.com/api/qr:0
[44822962ms] [ERROR] Failed to load resource: the server responded with a status of 401 () @ https://client-1-77f5570c.flowsbiz.com/api/campaign-results:0
[44822962ms] [ERROR] Failed to load resource: the server responded with a status of 401 () @ https://client-1-77f5570c.flowsbiz.com/api/contacts/queue?limit=1:0
[44823958ms] [ERROR] Failed to load resource: the server responded with a status of 401 () @ https://client-1-77f5570c.flowsbiz.com/api/qr:0
[44825967ms] [ERROR] Failed to load resource: the server responded with a status of 401 () @ https://client-1-77f5570c.flowsbiz.com/api/qr:0
[44827980ms] [ERROR] Failed to load resource: the server responded with a status of 401 () @ https://client-1-77f5570c.flowsbiz.com/api/campaign-results:0
[44827980ms] [ERROR] Failed to load resource: the server responded with a status of 401 () @ https://client-1-77f5570c.flowsbiz.com/api/qr:0
[44827980ms] [ERROR] Failed to load resource: the server responded with a status of 401 () @ https://client-1-77f5570c.flowsbiz.com/api/contacts/queue?limit=1:0
[44829976ms] [ERROR] Failed to load resource: the server responded with a status of 401 () @ https://client-1-77f5570c.flowsbiz.com/api/qr:0
[44831970ms] [ERROR] Failed to load resource: the server responded with a status of 401 () @ https://client-1-77f5570c.flowsbiz.com/api/qr:0
[44832974ms] [ERROR] Failed to load resource: the server responded with a status of 401 () @ https://client-1-77f5570c.flowsbiz.com/api/contacts/queue?limit=1:0
[44832974ms] [ERROR] Failed to load resource: the server responded with a status of 401 () @ https://client-1-77f5570c.flowsbiz.com/api/campaign-results:0
[44833967ms] [ERROR] Failed to load resource: the server responded with a status of 401 () @ https://client-1-77f5570c.flowsbiz.com/api/qr:0
[44836027ms] [ERROR] Failed to load resource: the server responded with a status of 401 () @ https://client-1-77f5570c.flowsbiz.com/api/qr:0
[44837974ms] [ERROR] Failed to load resource: the server responded with a status of 401 () @ https://client-1-77f5570c.flowsbiz.com/api/campaign-results:0
[44837980ms] [ERROR] Failed to load resource: the server responded with a status of 401 () @ https://client-1-77f5570c.flowsbiz.com/api/qr:0
[44837980ms] [ERROR] Failed to load resource: the server responded with a status of 401 () @ https://client-1-77f5570c.flowsbiz.com/api/contacts/queue?limit=1:0
[44839983ms] [ERROR] Failed to load resource: the server responded with a status of 401 () @ https://client-1-77f5570c.flowsbiz.com/api/qr:0
[44842017ms] [ERROR] Failed to load resource: the server responded with a status of 401 () @ https://client-1-77f5570c.flowsbiz.com/api/qr:0
[44842959ms] [ERROR] Failed to load resource: the server responded with a status of 401 () @ https://client-1-77f5570c.flowsbiz.com/api/contacts/queue?limit=1:0
[44842962ms] [ERROR] Failed to load resource: the server responded with a status of 401 () @ https://client-1-77f5570c.flowsbiz.com/api/campaign-results:0
[44843970ms] [ERROR] Failed to load resource: the server responded with a status of 401 () @ https://client-1-77f5570c.flowsbiz.com/api/qr:0
[44845980ms] [ERROR] Failed to load resource: the server responded with a status of 401 () @ https://client-1-77f5570c.flowsbiz.com/api/qr:0
[44847986ms] [ERROR] Failed to load resource: the server responded with a status of 401 () @ https://client-1-77f5570c.flowsbiz.com/api/contacts/queue?limit=1:0
[44847986ms] [ERROR] Failed to load resource: the server responded with a status of 401 () @ https://client-1-77f5570c.flowsbiz.com/api/qr:0
[44847986ms] [ERROR] Failed to load resource: the server responded with a status of 401 () @ https://client-1-77f5570c.flowsbiz.com/api/campaign-results:0
[44849994ms] [ERROR] Failed to load resource: the server responded with a status of 401 () @ https://client-1-77f5570c.flowsbiz.com/api/qr:0
[44851960ms] [ERROR] Failed to load resource: the server responded with a status of 401 () @ https://client-1-77f5570c.flowsbiz.com/api/qr:0
[44852962ms] [ERROR] Failed to load resource: the server responded with a status of 401 () @ https://client-1-77f5570c.flowsbiz.com/api/contacts/queue?limit=1:0
[44852963ms] [ERROR] Failed to load resource: the server responded with a status of 401 () @ https://client-1-77f5570c.flowsbiz.com/api/campaign-results:0
[44853959ms] [ERROR] Failed to load resource: the server responded with a status of 401 () @ https://client-1-77f5570c.flowsbiz.com/api/qr:0
[44855973ms] [ERROR] Failed to load resource: the server responded with a status of 401 () @ https://client-1-77f5570c.flowsbiz.com/api/qr:0
[44857966ms] [ERROR] Failed to load resource: the server responded with a status of 401 () @ https://client-1-77f5570c.flowsbiz.com/api/campaign-results:0
[44857967ms] [ERROR] Failed to load resource: the server responded with a status of 401 () @ https://client-1-77f5570c.flowsbiz.com/api/contacts/queue?limit=1:0
[44857967ms] [ERROR] Failed to load resource: the server responded with a status of 401 () @ https://client-1-77f5570c.flowsbiz.com/api/qr:0
[44859972ms] [ERROR] Failed to load resource: the server responded with a status of 401 () @ https://client-1-77f5570c.flowsbiz.com/api/qr:0
[44861957ms] [ERROR] Failed to load resource: the server responded with a status of 401 () @ https://client-1-77f5570c.flowsbiz.com/api/qr:0
[44862979ms] [ERROR] Failed to load resource: the server responded with a status of 401 () @ https://client-1-77f5570c.flowsbiz.com/api/campaign-results:0
[44862979ms] [ERROR] Failed to load resource: the server responded with a status of 401 () @ https://client-1-77f5570c.flowsbiz.com/api/contacts/queue?limit=1:0
[44863963ms] [ERROR] Failed to load resource: the server responded with a status of 401 () @ https://client-1-77f5570c.flowsbiz.com/api/qr:0
[44865960ms] [ERROR] Failed to load resource: the server responded with a status of 401 () @ https://client-1-77f5570c.flowsbiz.com/api/qr:0
[44867961ms] [ERROR] Failed to load resource: the server responded with a status of 401 () @ https://client-1-77f5570c.flowsbiz.com/api/contacts/queue?limit=1:0
[44867961ms] [ERROR] Failed to load resource: the server responded with a status of 401 () @ https://client-1-77f5570c.flowsbiz.com/api/campaign-results:0
[44867962ms] [ERROR] Failed to load resource: the server responded with a status of 401 () @ https://client-1-77f5570c.flowsbiz.com/api/qr:0
[44869964ms] [ERROR] Failed to load resource: the server responded with a status of 401 () @ https://client-1-77f5570c.flowsbiz.com/api/qr:0
[44871963ms] [ERROR] Failed to load resource: the server responded with a status of 401 () @ https://client-1-77f5570c.flowsbiz.com/api/qr:0
[44872971ms] [ERROR] Failed to load resource: the server responded with a status of 401 () @ https://client-1-77f5570c.flowsbiz.com/api/contacts/queue?limit=1:0
[44872971ms] [ERROR] Failed to load resource: the server responded with a status of 401 () @ https://client-1-77f5570c.flowsbiz.com/api/campaign-results:0
[44873959ms] [ERROR] Failed to load resource: the server responded with a status of 401 () @ https://client-1-77f5570c.flowsbiz.com/api/qr:0
[44875974ms] [ERROR] Failed to load resource: the server responded with a status of 401 () @ https://client-1-77f5570c.flowsbiz.com/api/qr:0
[44877987ms] [ERROR] Failed to load resource: the server responded with a status of 401 () @ https://client-1-77f5570c.flowsbiz.com/api/qr:0
[44877987ms] [ERROR] Failed to load resource: the server responded with a status of 401 () @ https://client-1-77f5570c.flowsbiz.com/api/contacts/queue?limit=1:0
[44877987ms] [ERROR] Failed to load resource: the server responded with a status of 401 () @ https://client-1-77f5570c.flowsbiz.com/api/campaign-results:0
[44879963ms] [ERROR] Failed to load resource: the server responded with a status of 401 () @ https://client-1-77f5570c.flowsbiz.com/api/qr:0
[44881973ms] [ERROR] Failed to load resource: the server responded with a status of 401 () @ https://client-1-77f5570c.flowsbiz.com/api/qr:0
[44882966ms] [ERROR] Failed to load resource: the server responded with a status of 401 () @ https://client-1-77f5570c.flowsbiz.com/api/campaign-results:0
[44882966ms] [ERROR] Failed to load resource: the server responded with a status of 401 () @ https://client-1-77f5570c.flowsbiz.com/api/contacts/queue?limit=1:0
[44883968ms] [ERROR] Failed to load resource: the server responded with a status of 401 () @ https://client-1-77f5570c.flowsbiz.com/api/qr:0
[44885977ms] [ERROR] Failed to load resource: the server responded with a status of 401 () @ https://client-1-77f5570c.flowsbiz.com/api/qr:0
[44887983ms] [ERROR] Failed to load resource: the server responded with a status of 401 () @ https://client-1-77f5570c.flowsbiz.com/api/campaign-results:0
[44887984ms] [ERROR] Failed to load resource: the server responded with a status of 401 () @ https://client-1-77f5570c.flowsbiz.com/api/contacts/queue?limit=1:0
[44887984ms] [ERROR] Failed to load resource: the server responded with a status of 401 () @ https://client-1-77f5570c.flowsbiz.com/api/qr:0
[44889973ms] [ERROR] Failed to load resource: the server responded with a status of 401 () @ https://client-1-77f5570c.flowsbiz.com/api/qr:0
[44891959ms] [ERROR] Failed to load resource: the server responded with a status of 401 () @ https://client-1-77f5570c.flowsbiz.com/api/qr:0
[44892988ms] [ERROR] Failed to load resource: the server responded with a status of 401 () @ https://client-1-77f5570c.flowsbiz.com/api/campaign-results:0
[44892988ms] [ERROR] Failed to load resource: the server responded with a status of 401 () @ https://client-1-77f5570c.flowsbiz.com/api/contacts/queue?limit=1:0
[44893960ms] [ERROR] Failed to load resource: the server responded with a status of 401 () @ https://client-1-77f5570c.flowsbiz.com/api/qr:0
[44895980ms] [ERROR] Failed to load resource: the server responded with a status of 401 () @ https://client-1-77f5570c.flowsbiz.com/api/qr:0
[44897973ms] [ERROR] Failed to load resource: the server responded with a status of 401 () @ https://client-1-77f5570c.flowsbiz.com/api/contacts/queue?limit=1:0
[44897978ms] [ERROR] Failed to load resource: the server responded with a status of 401 () @ https://client-1-77f5570c.flowsbiz.com/api/campaign-results:0
[44897978ms] [ERROR] Failed to load resource: the server responded with a status of 401 () @ https://client-1-77f5570c.flowsbiz.com/api/qr:0
[44899962ms] [ERROR] Failed to load resource: the server responded with a status of 401 () @ https://client-1-77f5570c.flowsbiz.com/api/qr:0
[44901961ms] [ERROR] Failed to load resource: the server responded with a status of 401 () @ https://client-1-77f5570c.flowsbiz.com/api/qr:0
[44902960ms] [ERROR] Failed to load resource: the server responded with a status of 401 () @ https://client-1-77f5570c.flowsbiz.com/api/campaign-results:0
[44902961ms] [ERROR] Failed to load resource: the server responded with a status of 401 () @ https://client-1-77f5570c.flowsbiz.com/api/contacts/queue?limit=1:0
[44903958ms] [ERROR] Failed to load resource: the server responded with a status of 401 () @ https://client-1-77f5570c.flowsbiz.com/api/qr:0
[44905962ms] [ERROR] Failed to load resource: the server responded with a status of 401 () @ https://client-1-77f5570c.flowsbiz.com/api/qr:0
[44907980ms] [ERROR] Failed to load resource: the server responded with a status of 401 () @ https://client-1-77f5570c.flowsbiz.com/api/contacts/queue?limit=1:0
[44907980ms] [ERROR] Failed to load resource: the server responded with a status of 401 () @ https://client-1-77f5570c.flowsbiz.com/api/campaign-results:0
[44907984ms] [ERROR] Failed to load resource: the server responded with a status of 401 () @ https://client-1-77f5570c.flowsbiz.com/api/qr:0
[44909973ms] [ERROR] Failed to load resource: the server responded with a status of 401 () @ https://client-1-77f5570c.flowsbiz.com/api/qr:0
[44911962ms] [ERROR] Failed to load resource: the server responded with a status of 401 () @ https://client-1-77f5570c.flowsbiz.com/api/qr:0
[44912961ms] [ERROR] Failed to load resource: the server responded with a status of 401 () @ https://client-1-77f5570c.flowsbiz.com/api/campaign-results:0
[44912961ms] [ERROR] Failed to load resource: the server responded with a status of 401 () @ https://client-1-77f5570c.flowsbiz.com/api/contacts/queue?limit=1:0
[44913960ms] [ERROR] Failed to load resource: the server responded with a status of 401 () @ https://client-1-77f5570c.flowsbiz.com/api/qr:0
[44915985ms] [ERROR] Failed to load resource: the server responded with a status of 401 () @ https://client-1-77f5570c.flowsbiz.com/api/qr:0
[44917972ms] [ERROR] Failed to load resource: the server responded with a status of 401 () @ https://client-1-77f5570c.flowsbiz.com/api/contacts/queue?limit=1:0
[44917975ms] [ERROR] Failed to load resource: the server responded with a status of 401 () @ https://client-1-77f5570c.flowsbiz.com/api/campaign-results:0
[44917975ms] [ERROR] Failed to load resource: the server responded with a status of 401 () @ https://client-1-77f5570c.flowsbiz.com/api/qr:0
[44919983ms] [ERROR] Failed to load resource: the server responded with a status of 401 () @ https://client-1-77f5570c.flowsbiz.com/api/qr:0
[44921961ms] [ERROR] Failed to load resource: the server responded with a status of 401 () @ https://client-1-77f5570c.flowsbiz.com/api/qr:0
[44922965ms] [ERROR] Failed to load resource: the server responded with a status of 401 () @ https://client-1-77f5570c.flowsbiz.com/api/contacts/queue?limit=1:0
[44922966ms] [ERROR] Failed to load resource: the server responded with a status of 401 () @ https://client-1-77f5570c.flowsbiz.com/api/campaign-results:0
[44923967ms] [ERROR] Failed to load resource: the server responded with a status of 401 () @ https://client-1-77f5570c.flowsbiz.com/api/qr:0
[44925957ms] [ERROR] Failed to load resource: the server responded with a status of 401 () @ https://client-1-77f5570c.flowsbiz.com/api/qr:0
[44927974ms] [ERROR] Failed to load resource: the server responded with a status of 401 () @ https://client-1-77f5570c.flowsbiz.com/api/contacts/queue?limit=1:0
[44927977ms] [ERROR] Failed to load resource: the server responded with a status of 401 () @ https://client-1-77f5570c.flowsbiz.com/api/campaign-results:0
[44927977ms] [ERROR] Failed to load resource: the server responded with a status of 401 () @ https://client-1-77f5570c.flowsbiz.com/api/qr:0
[44929986ms] [ERROR] Failed to load resource: the server responded with a status of 401 () @ https://client-1-77f5570c.flowsbiz.com/api/qr:0
[44931963ms] [ERROR] Failed to load resource: the server responded with a status of 401 () @ https://client-1-77f5570c.flowsbiz.com/api/qr:0
[44932961ms] [ERROR] Failed to load resource: the server responded with a status of 401 () @ https://client-1-77f5570c.flowsbiz.com/api/contacts/queue?limit=1:0
[44932966ms] [ERROR] Failed to load resource: the server responded with a status of 401 () @ https://client-1-77f5570c.flowsbiz.com/api/campaign-results:0
[44933957ms] [ERROR] Failed to load resource: the server responded with a status of 401 () @ https://client-1-77f5570c.flowsbiz.com/api/qr:0
[44935968ms] [ERROR] Failed to load resource: the server responded with a status of 401 () @ https://client-1-77f5570c.flowsbiz.com/api/qr:0
[44937991ms] [ERROR] Failed to load resource: the server responded with a status of 401 () @ https://client-1-77f5570c.flowsbiz.com/api/contacts/queue?limit=1:0
[44937991ms] [ERROR] Failed to load resource: the server responded with a status of 401 () @ https://client-1-77f5570c.flowsbiz.com/api/campaign-results:0
[44937997ms] [ERROR] Failed to load resource: the server responded with a status of 401 () @ https://client-1-77f5570c.flowsbiz.com/api/qr:0
[44939986ms] [ERROR] Failed to load resource: the server responded with a status of 401 () @ https://client-1-77f5570c.flowsbiz.com/api/qr:0
[44941988ms] [ERROR] Failed to load resource: the server responded with a status of 401 () @ https://client-1-77f5570c.flowsbiz.com/api/qr:0
[44942985ms] [ERROR] Failed to load resource: the server responded with a status of 401 () @ https://client-1-77f5570c.flowsbiz.com/api/campaign-results:0
[44942985ms] [ERROR] Failed to load resource: the server responded with a status of 401 () @ https://client-1-77f5570c.flowsbiz.com/api/contacts/queue?limit=1:0
[44944009ms] [ERROR] Failed to load resource: the server responded with a status of 401 () @ https://client-1-77f5570c.flowsbiz.com/api/qr:0
[44945982ms] [ERROR] Failed to load resource: the server responded with a status of 401 () @ https://client-1-77f5570c.flowsbiz.com/api/qr:0
[44947977ms] [ERROR] Failed to load resource: the server responded with a status of 401 () @ https://client-1-77f5570c.flowsbiz.com/api/campaign-results:0
[44947978ms] [ERROR] Failed to load resource: the server responded with a status of 401 () @ https://client-1-77f5570c.flowsbiz.com/api/contacts/queue?limit=1:0
[44947978ms] [ERROR] Failed to load resource: the server responded with a status of 401 () @ https://client-1-77f5570c.flowsbiz.com/api/qr:0
[44949978ms] [ERROR] Failed to load resource: the server responded with a status of 401 () @ https://client-1-77f5570c.flowsbiz.com/api/qr:0
[44951962ms] [ERROR] Failed to load resource: the server responded with a status of 401 () @ https://client-1-77f5570c.flowsbiz.com/api/qr:0
[44952986ms] [ERROR] Failed to load resource: the server responded with a status of 401 () @ https://client-1-77f5570c.flowsbiz.com/api/contacts/queue?limit=1:0
[44952987ms] [ERROR] Failed to load resource: the server responded with a status of 401 () @ https://client-1-77f5570c.flowsbiz.com/api/campaign-results:0
[44953960ms] [ERROR] Failed to load resource: the server responded with a status of 401 () @ https://client-1-77f5570c.flowsbiz.com/api/qr:0
[44955985ms] [ERROR] Failed to load resource: the server responded with a status of 401 () @ https://client-1-77f5570c.flowsbiz.com/api/qr:0
[44958000ms] [ERROR] Failed to load resource: the server responded with a status of 401 () @ https://client-1-77f5570c.flowsbiz.com/api/campaign-results:0
[44958003ms] [ERROR] Failed to load resource: the server responded with a status of 401 () @ https://client-1-77f5570c.flowsbiz.com/api/contacts/queue?limit=1:0
[44958005ms] [ERROR] Failed to load resource: the server responded with a status of 401 () @ https://client-1-77f5570c.flowsbiz.com/api/qr:0
[44960000ms] [ERROR] Failed to load resource: the server responded with a status of 401 () @ https://client-1-77f5570c.flowsbiz.com/api/qr:0
[44961982ms] [ERROR] Failed to load resource: the server responded with a status of 401 () @ https://client-1-77f5570c.flowsbiz.com/api/qr:0
[44962985ms] [ERROR] Failed to load resource: the server responded with a status of 401 () @ https://client-1-77f5570c.flowsbiz.com/api/contacts/queue?limit=1:0
[44962986ms] [ERROR] Failed to load resource: the server responded with a status of 401 () @ https://client-1-77f5570c.flowsbiz.com/api/campaign-results:0
[44963967ms] [ERROR] Failed to load resource: the server responded with a status of 401 () @ https://client-1-77f5570c.flowsbiz.com/api/qr:0
[44965986ms] [ERROR] Failed to load resource: the server responded with a status of 401 () @ https://client-1-77f5570c.flowsbiz.com/api/qr:0
[44967988ms] [ERROR] Failed to load resource: the server responded with a status of 401 () @ https://client-1-77f5570c.flowsbiz.com/api/campaign-results:0
[44967988ms] [ERROR] Failed to load resource: the server responded with a status of 401 () @ https://client-1-77f5570c.flowsbiz.com/api/contacts/queue?limit=1:0
[44967989ms] [ERROR] Failed to load resource: the server responded with a status of 401 () @ https://client-1-77f5570c.flowsbiz.com/api/qr:0
[44969986ms] [ERROR] Failed to load resource: the server responded with a status of 401 () @ https://client-1-77f5570c.flowsbiz.com/api/qr:0
[44971957ms] [ERROR] Failed to load resource: the server responded with a status of 401 () @ https://client-1-77f5570c.flowsbiz.com/api/qr:0
[44972956ms] [ERROR] Failed to load resource: the server responded with a status of 401 () @ https://client-1-77f5570c.flowsbiz.com/api/contacts/queue?limit=1:0
[44972956ms] [ERROR] Failed to load resource: the server responded with a status of 401 () @ https://client-1-77f5570c.flowsbiz.com/api/campaign-results:0
[44973985ms] [ERROR] Failed to load resource: the server responded with a status of 401 () @ https://client-1-77f5570c.flowsbiz.com/api/qr:0
[44975987ms] [ERROR] Failed to load resource: the server responded with a status of 401 () @ https://client-1-77f5570c.flowsbiz.com/api/qr:0
[44977987ms] [ERROR] Failed to load resource: the server responded with a status of 401 () @ https://client-1-77f5570c.flowsbiz.com/api/contacts/queue?limit=1:0
[44977987ms] [ERROR] Failed to load resource: the server responded with a status of 401 () @ https://client-1-77f5570c.flowsbiz.com/api/campaign-results:0
[44977988ms] [ERROR] Failed to load resource: the server responded with a status of 401 () @ https://client-1-77f5570c.flowsbiz.com/api/qr:0
[44979963ms] [ERROR] Failed to load resource: the server responded with a status of 401 () @ https://client-1-77f5570c.flowsbiz.com/api/qr:0
[44981976ms] [ERROR] Failed to load resource: the server responded with a status of 401 () @ https://client-1-77f5570c.flowsbiz.com/api/qr:0
[44982998ms] [ERROR] Failed to load resource: the server responded with a status of 401 () @ https://client-1-77f5570c.flowsbiz.com/api/contacts/queue?limit=1:0
[44982998ms] [ERROR] Failed to load resource: the server responded with a status of 401 () @ https://client-1-77f5570c.flowsbiz.com/api/campaign-results:0
[44983966ms] [ERROR] Failed to load resource: the server responded with a status of 401 () @ https://client-1-77f5570c.flowsbiz.com/api/qr:0
[44985964ms] [ERROR] Failed to load resource: the server responded with a status of 401 () @ https://client-1-77f5570c.flowsbiz.com/api/qr:0
[44987963ms] [ERROR] Failed to load resource: the server responded with a status of 401 () @ https://client-1-77f5570c.flowsbiz.com/api/campaign-results:0
[44987963ms] [ERROR] Failed to load resource: the server responded with a status of 401 () @ https://client-1-77f5570c.flowsbiz.com/api/qr:0
[44987964ms] [ERROR] Failed to load resource: the server responded with a status of 401 () @ https://client-1-77f5570c.flowsbiz.com/api/contacts/queue?limit=1:0
[44989964ms] [ERROR] Failed to load resource: the server responded with a status of 401 () @ https://client-1-77f5570c.flowsbiz.com/api/qr:0
[44991979ms] [ERROR] Failed to load resource: the server responded with a status of 401 () @ https://client-1-77f5570c.flowsbiz.com/api/qr:0
[44992982ms] [ERROR] Failed to load resource: the server responded with a status of 401 () @ https://client-1-77f5570c.flowsbiz.com/api/contacts/queue?limit=1:0
[44992984ms] [ERROR] Failed to load resource: the server responded with a status of 401 () @ https://client-1-77f5570c.flowsbiz.com/api/campaign-results:0
[44993977ms] [ERROR] Failed to load resource: the server responded with a status of 401 () @ https://client-1-77f5570c.flowsbiz.com/api/qr:0
[44995974ms] [ERROR] Failed to load resource: the server responded with a status of 401 () @ https://client-1-77f5570c.flowsbiz.com/api/qr:0
[44997982ms] [ERROR] Failed to load resource: the server responded with a status of 401 () @ https://client-1-77f5570c.flowsbiz.com/api/campaign-results:0
[44997982ms] [ERROR] Failed to load resource: the server responded with a status of 401 () @ https://client-1-77f5570c.flowsbiz.com/api/contacts/queue?limit=1:0
[44997983ms] [ERROR] Failed to load resource: the server responded with a status of 401 () @ https://client-1-77f5570c.flowsbiz.com/api/qr:0
[44999959ms] [ERROR] Failed to load resource: the server responded with a status of 401 () @ https://client-1-77f5570c.flowsbiz.com/api/qr:0
[45001958ms] [ERROR] Failed to load resource: the server responded with a status of 401 () @ https://client-1-77f5570c.flowsbiz.com/api/qr:0
[45002963ms] [ERROR] Failed to load resource: the server responded with a status of 401 () @ https://client-1-77f5570c.flowsbiz.com/api/campaign-results:0
[45002963ms] [ERROR] Failed to load resource: the server responded with a status of 401 () @ https://client-1-77f5570c.flowsbiz.com/api/contacts/queue?limit=1:0
[45003984ms] [ERROR] Failed to load resource: the server responded with a status of 401 () @ https://client-1-77f5570c.flowsbiz.com/api/qr:0
[45005954ms] [ERROR] Failed to load resource: the server responded with a status of 401 () @ https://client-1-77f5570c.flowsbiz.com/api/qr:0
[45007985ms] [ERROR] Failed to load resource: the server responded with a status of 401 () @ https://client-1-77f5570c.flowsbiz.com/api/campaign-results:0
[45007985ms] [ERROR] Failed to load resource: the server responded with a status of 401 () @ https://client-1-77f5570c.flowsbiz.com/api/qr:0
[45007986ms] [ERROR] Failed to load resource: the server responded with a status of 401 () @ https://client-1-77f5570c.flowsbiz.com/api/contacts/queue?limit=1:0
[45009961ms] [ERROR] Failed to load resource: the server responded with a status of 401 () @ https://client-1-77f5570c.flowsbiz.com/api/qr:0
[45011987ms] [ERROR] Failed to load resource: the server responded with a status of 401 () @ https://client-1-77f5570c.flowsbiz.com/api/qr:0
[45012970ms] [ERROR] Failed to load resource: the server responded with a status of 401 () @ https://client-1-77f5570c.flowsbiz.com/api/contacts/queue?limit=1:0
[45012972ms] [ERROR] Failed to load resource: the server responded with a status of 401 () @ https://client-1-77f5570c.flowsbiz.com/api/campaign-results:0
[45013957ms] [ERROR] Failed to load resource: the server responded with a status of 401 () @ https://client-1-77f5570c.flowsbiz.com/api/qr:0
[45015976ms] [ERROR] Failed to load resource: the server responded with a status of 401 () @ https://client-1-77f5570c.flowsbiz.com/api/qr:0
[45017960ms] [ERROR] Failed to load resource: the server responded with a status of 401 () @ https://client-1-77f5570c.flowsbiz.com/api/contacts/queue?limit=1:0
[45017960ms] [ERROR] Failed to load resource: the server responded with a status of 401 () @ https://client-1-77f5570c.flowsbiz.com/api/qr:0
[45017960ms] [ERROR] Failed to load resource: the server responded with a status of 401 () @ https://client-1-77f5570c.flowsbiz.com/api/campaign-results:0
[45019960ms] [ERROR] Failed to load resource: the server responded with a status of 401 () @ https://client-1-77f5570c.flowsbiz.com/api/qr:0
[45021979ms] [ERROR] Failed to load resource: the server responded with a status of 401 () @ https://client-1-77f5570c.flowsbiz.com/api/qr:0
[45022982ms] [ERROR] Failed to load resource: the server responded with a status of 401 () @ https://client-1-77f5570c.flowsbiz.com/api/contacts/queue?limit=1:0
[45022984ms] [ERROR] Failed to load resource: the server responded with a status of 401 () @ https://client-1-77f5570c.flowsbiz.com/api/campaign-results:0
[45023962ms] [ERROR] Failed to load resource: the server responded with a status of 401 () @ https://client-1-77f5570c.flowsbiz.com/api/qr:0
[45025979ms] [ERROR] Failed to load resource: the server responded with a status of 401 () @ https://client-1-77f5570c.flowsbiz.com/api/qr:0
[45027975ms] [ERROR] Failed to load resource: the server responded with a status of 401 () @ https://client-1-77f5570c.flowsbiz.com/api/campaign-results:0
[45027975ms] [ERROR] Failed to load resource: the server responded with a status of 401 () @ https://client-1-77f5570c.flowsbiz.com/api/contacts/queue?limit=1:0
[45027975ms] [ERROR] Failed to load resource: the server responded with a status of 401 () @ https://client-1-77f5570c.flowsbiz.com/api/qr:0
[45029963ms] [ERROR] Failed to load resource: the server responded with a status of 401 () @ https://client-1-77f5570c.flowsbiz.com/api/qr:0
[45031981ms] [ERROR] Failed to load resource: the server responded with a status of 401 () @ https://client-1-77f5570c.flowsbiz.com/api/qr:0
[45032961ms] [ERROR] Failed to load resource: the server responded with a status of 401 () @ https://client-1-77f5570c.flowsbiz.com/api/contacts/queue?limit=1:0
[45032961ms] [ERROR] Failed to load resource: the server responded with a status of 401 () @ https://client-1-77f5570c.flowsbiz.com/api/campaign-results:0
[45033982ms] [ERROR] Failed to load resource: the server responded with a status of 401 () @ https://client-1-77f5570c.flowsbiz.com/api/qr:0
[45035982ms] [ERROR] Failed to load resource: the server responded with a status of 401 () @ https://client-1-77f5570c.flowsbiz.com/api/qr:0
[45037969ms] [ERROR] Failed to load resource: the server responded with a status of 401 () @ https://client-1-77f5570c.flowsbiz.com/api/campaign-results:0
[45037969ms] [ERROR] Failed to load resource: the server responded with a status of 401 () @ https://client-1-77f5570c.flowsbiz.com/api/qr:0
[45037969ms] [ERROR] Failed to load resource: the server responded with a status of 401 () @ https://client-1-77f5570c.flowsbiz.com/api/contacts/queue?limit=1:0
[45039988ms] [ERROR] Failed to load resource: the server responded with a status of 401 () @ https://client-1-77f5570c.flowsbiz.com/api/qr:0
[45041983ms] [ERROR] Failed to load resource: the server responded with a status of 401 () @ https://client-1-77f5570c.flowsbiz.com/api/qr:0
[45042973ms] [ERROR] Failed to load resource: the server responded with a status of 401 () @ https://client-1-77f5570c.flowsbiz.com/api/contacts/queue?limit=1:0
[45042975ms] [ERROR] Failed to load resource: the server responded with a status of 401 () @ https://client-1-77f5570c.flowsbiz.com/api/campaign-results:0
[45043961ms] [ERROR] Failed to load resource: the server responded with a status of 401 () @ https://client-1-77f5570c.flowsbiz.com/api/qr:0
[45045978ms] [ERROR] Failed to load resource: the server responded with a status of 401 () @ https://client-1-77f5570c.flowsbiz.com/api/qr:0
[45047959ms] [ERROR] Failed to load resource: the server responded with a status of 401 () @ https://client-1-77f5570c.flowsbiz.com/api/campaign-results:0
[45047962ms] [ERROR] Failed to load resource: the server responded with a status of 401 () @ https://client-1-77f5570c.flowsbiz.com/api/contacts/queue?limit=1:0
[45047962ms] [ERROR] Failed to load resource: the server responded with a status of 401 () @ https://client-1-77f5570c.flowsbiz.com/api/qr:0
[45049963ms] [ERROR] Failed to load resource: the server responded with a status of 401 () @ https://client-1-77f5570c.flowsbiz.com/api/qr:0
[45051963ms] [ERROR] Failed to load resource: the server responded with a status of 401 () @ https://client-1-77f5570c.flowsbiz.com/api/qr:0
[45052959ms] [ERROR] Failed to load resource: the server responded with a status of 401 () @ https://client-1-77f5570c.flowsbiz.com/api/campaign-results:0
[45052960ms] [ERROR] Failed to load resource: the server responded with a status of 401 () @ https://client-1-77f5570c.flowsbiz.com/api/contacts/queue?limit=1:0
[45053957ms] [ERROR] Failed to load resource: the server responded with a status of 401 () @ https://client-1-77f5570c.flowsbiz.com/api/qr:0
[45055994ms] [ERROR] Failed to load resource: the server responded with a status of 401 () @ https://client-1-77f5570c.flowsbiz.com/api/qr:0
[45057964ms] [ERROR] Failed to load resource: the server responded with a status of 401 () @ https://client-1-77f5570c.flowsbiz.com/api/contacts/queue?limit=1:0
[45057964ms] [ERROR] Failed to load resource: the server responded with a status of 401 () @ https://client-1-77f5570c.flowsbiz.com/api/campaign-results:0
[45057965ms] [ERROR] Failed to load resource: the server responded with a status of 401 () @ https://client-1-77f5570c.flowsbiz.com/api/qr:0
[45059984ms] [ERROR] Failed to load resource: the server responded with a status of 401 () @ https://client-1-77f5570c.flowsbiz.com/api/qr:0
[45061967ms] [ERROR] Failed to load resource: the server responded with a status of 401 () @ https://client-1-77f5570c.flowsbiz.com/api/qr:0
[45062976ms] [ERROR] Failed to load resource: the server responded with a status of 401 () @ https://client-1-77f5570c.flowsbiz.com/api/contacts/queue?limit=1:0
[45062976ms] [ERROR] Failed to load resource: the server responded with a status of 401 () @ https://client-1-77f5570c.flowsbiz.com/api/campaign-results:0
[45063975ms] [ERROR] Failed to load resource: the server responded with a status of 401 () @ https://client-1-77f5570c.flowsbiz.com/api/qr:0
[45065959ms] [ERROR] Failed to load resource: the server responded with a status of 401 () @ https://client-1-77f5570c.flowsbiz.com/api/qr:0
[45067974ms] [ERROR] Failed to load resource: the server responded with a status of 401 () @ https://client-1-77f5570c.flowsbiz.com/api/campaign-results:0
[45067974ms] [ERROR] Failed to load resource: the server responded with a status of 401 () @ https://client-1-77f5570c.flowsbiz.com/api/qr:0
[45067975ms] [ERROR] Failed to load resource: the server responded with a status of 401 () @ https://client-1-77f5570c.flowsbiz.com/api/contacts/queue?limit=1:0
[45069970ms] [ERROR] Failed to load resource: the server responded with a status of 401 () @ https://client-1-77f5570c.flowsbiz.com/api/qr:0
[45072019ms] [ERROR] Failed to load resource: the server responded with a status of 401 () @ https://client-1-77f5570c.flowsbiz.com/api/qr:0
[45072963ms] [ERROR] Failed to load resource: the server responded with a status of 401 () @ https://client-1-77f5570c.flowsbiz.com/api/campaign-results:0
[45072963ms] [ERROR] Failed to load resource: the server responded with a status of 401 () @ https://client-1-77f5570c.flowsbiz.com/api/contacts/queue?limit=1:0
[45073957ms] [ERROR] Failed to load resource: the server responded with a status of 401 () @ https://client-1-77f5570c.flowsbiz.com/api/qr:0
[45075985ms] [ERROR] Failed to load resource: the server responded with a status of 401 () @ https://client-1-77f5570c.flowsbiz.com/api/qr:0
[45077985ms] [ERROR] Failed to load resource: the server responded with a status of 401 () @ https://client-1-77f5570c.flowsbiz.com/api/campaign-results:0
[45077985ms] [ERROR] Failed to load resource: the server responded with a status of 401 () @ https://client-1-77f5570c.flowsbiz.com/api/qr:0
[45077985ms] [ERROR] Failed to load resource: the server responded with a status of 401 () @ https://client-1-77f5570c.flowsbiz.com/api/contacts/queue?limit=1:0
[45080003ms] [ERROR] Failed to load resource: the server responded with a status of 401 () @ https://client-1-77f5570c.flowsbiz.com/api/qr:0
[45081980ms] [ERROR] Failed to load resource: the server responded with a status of 401 () @ https://client-1-77f5570c.flowsbiz.com/api/qr:0
[45082978ms] [ERROR] Failed to load resource: the server responded with a status of 401 () @ https://client-1-77f5570c.flowsbiz.com/api/contacts/queue?limit=1:0
[45082979ms] [ERROR] Failed to load resource: the server responded with a status of 401 () @ https://client-1-77f5570c.flowsbiz.com/api/campaign-results:0
[45083984ms] [ERROR] Failed to load resource: the server responded with a status of 401 () @ https://client-1-77f5570c.flowsbiz.com/api/qr:0
[45085963ms] [ERROR] Failed to load resource: the server responded with a status of 401 () @ https://client-1-77f5570c.flowsbiz.com/api/qr:0
[45087965ms] [ERROR] Failed to load resource: the server responded with a status of 401 () @ https://client-1-77f5570c.flowsbiz.com/api/campaign-results:0
[45087965ms] [ERROR] Failed to load resource: the server responded with a status of 401 () @ https://client-1-77f5570c.flowsbiz.com/api/contacts/queue?limit=1:0
[45087966ms] [ERROR] Failed to load resource: the server responded with a status of 401 () @ https://client-1-77f5570c.flowsbiz.com/api/qr:0
[45089958ms] [ERROR] Failed to load resource: the server responded with a status of 401 () @ https://client-1-77f5570c.flowsbiz.com/api/qr:0
[45091968ms] [ERROR] Failed to load resource: the server responded with a status of 401 () @ https://client-1-77f5570c.flowsbiz.com/api/qr:0
[45092980ms] [ERROR] Failed to load resource: the server responded with a status of 401 () @ https://client-1-77f5570c.flowsbiz.com/api/campaign-results:0
[45092981ms] [ERROR] Failed to load resource: the server responded with a status of 401 () @ https://client-1-77f5570c.flowsbiz.com/api/contacts/queue?limit=1:0
[45093955ms] [ERROR] Failed to load resource: the server responded with a status of 401 () @ https://client-1-77f5570c.flowsbiz.com/api/qr:0
[45095959ms] [ERROR] Failed to load resource: the server responded with a status of 401 () @ https://client-1-77f5570c.flowsbiz.com/api/qr:0
[45097986ms] [ERROR] Failed to load resource: the server responded with a status of 401 () @ https://client-1-77f5570c.flowsbiz.com/api/contacts/queue?limit=1:0
[45097986ms] [ERROR] Failed to load resource: the server responded with a status of 401 () @ https://client-1-77f5570c.flowsbiz.com/api/qr:0
[45097986ms] [ERROR] Failed to load resource: the server responded with a status of 401 () @ https://client-1-77f5570c.flowsbiz.com/api/campaign-results:0
[45099962ms] [ERROR] Failed to load resource: the server responded with a status of 401 () @ https://client-1-77f5570c.flowsbiz.com/api/qr:0
[45101972ms] [ERROR] Failed to load resource: the server responded with a status of 401 () @ https://client-1-77f5570c.flowsbiz.com/api/qr:0
[45102988ms] [ERROR] Failed to load resource: the server responded with a status of 401 () @ https://client-1-77f5570c.flowsbiz.com/api/contacts/queue?limit=1:0
[45102988ms] [ERROR] Failed to load resource: the server responded with a status of 401 () @ https://client-1-77f5570c.flowsbiz.com/api/campaign-results:0
[45103970ms] [ERROR] Failed to load resource: the server responded with a status of 401 () @ https://client-1-77f5570c.flowsbiz.com/api/qr:0
[45105969ms] [ERROR] Failed to load resource: the server responded with a status of 401 () @ https://client-1-77f5570c.flowsbiz.com/api/qr:0
[45107964ms] [ERROR] Failed to load resource: the server responded with a status of 401 () @ https://client-1-77f5570c.flowsbiz.com/api/contacts/queue?limit=1:0
[45107964ms] [ERROR] Failed to load resource: the server responded with a status of 401 () @ https://client-1-77f5570c.flowsbiz.com/api/campaign-results:0
[45107965ms] [ERROR] Failed to load resource: the server responded with a status of 401 () @ https://client-1-77f5570c.flowsbiz.com/api/qr:0
[45109964ms] [ERROR] Failed to load resource: the server responded with a status of 401 () @ https://client-1-77f5570c.flowsbiz.com/api/qr:0
[45111958ms] [ERROR] Failed to load resource: the server responded with a status of 401 () @ https://client-1-77f5570c.flowsbiz.com/api/qr:0
[45112988ms] [ERROR] Failed to load resource: the server responded with a status of 401 () @ https://client-1-77f5570c.flowsbiz.com/api/contacts/queue?limit=1:0
[45112988ms] [ERROR] Failed to load resource: the server responded with a status of 401 () @ https://client-1-77f5570c.flowsbiz.com/api/campaign-results:0
[45113969ms] [ERROR] Failed to load resource: the server responded with a status of 401 () @ https://client-1-77f5570c.flowsbiz.com/api/qr:0
[45115962ms] [ERROR] Failed to load resource: the server responded with a status of 401 () @ https://client-1-77f5570c.flowsbiz.com/api/qr:0
[45117969ms] [ERROR] Failed to load resource: the server responded with a status of 401 () @ https://client-1-77f5570c.flowsbiz.com/api/contacts/queue?limit=1:0
[45117969ms] [ERROR] Failed to load resource: the server responded with a status of 401 () @ https://client-1-77f5570c.flowsbiz.com/api/qr:0
[45117972ms] [ERROR] Failed to load resource: the server responded with a status of 401 () @ https://client-1-77f5570c.flowsbiz.com/api/campaign-results:0
[45119956ms] [ERROR] Failed to load resource: the server responded with a status of 401 () @ https://client-1-77f5570c.flowsbiz.com/api/qr:0
[45121999ms] [ERROR] Failed to load resource: the server responded with a status of 401 () @ https://client-1-77f5570c.flowsbiz.com/api/qr:0
[45122969ms] [ERROR] Failed to load resource: the server responded with a status of 401 () @ https://client-1-77f5570c.flowsbiz.com/api/contacts/queue?limit=1:0
[45122969ms] [ERROR] Failed to load resource: the server responded with a status of 401 () @ https://client-1-77f5570c.flowsbiz.com/api/campaign-results:0
[45123986ms] [ERROR] Failed to load resource: the server responded with a status of 401 () @ https://client-1-77f5570c.flowsbiz.com/api/qr:0
[45125984ms] [ERROR] Failed to load resource: the server responded with a status of 401 () @ https://client-1-77f5570c.flowsbiz.com/api/qr:0
[45127963ms] [ERROR] Failed to load resource: the server responded with a status of 401 () @ https://client-1-77f5570c.flowsbiz.com/api/contacts/queue?limit=1:0
[45127963ms] [ERROR] Failed to load resource: the server responded with a status of 401 () @ https://client-1-77f5570c.flowsbiz.com/api/campaign-results:0
[45127968ms] [ERROR] Failed to load resource: the server responded with a status of 401 () @ https://client-1-77f5570c.flowsbiz.com/api/qr:0
[45129973ms] [ERROR] Failed to load resource: the server responded with a status of 401 () @ https://client-1-77f5570c.flowsbiz.com/api/qr:0
[45131986ms] [ERROR] Failed to load resource: the server responded with a status of 401 () @ https://client-1-77f5570c.flowsbiz.com/api/qr:0
[45132983ms] [ERROR] Failed to load resource: the server responded with a status of 401 () @ https://client-1-77f5570c.flowsbiz.com/api/campaign-results:0
[45132983ms] [ERROR] Failed to load resource: the server responded with a status of 401 () @ https://client-1-77f5570c.flowsbiz.com/api/contacts/queue?limit=1:0
[45133970ms] [ERROR] Failed to load resource: the server responded with a status of 401 () @ https://client-1-77f5570c.flowsbiz.com/api/qr:0
[45136016ms] [ERROR] Failed to load resource: the server responded with a status of 401 () @ https://client-1-77f5570c.flowsbiz.com/api/qr:0
[45137984ms] [ERROR] Failed to load resource: the server responded with a status of 401 () @ https://client-1-77f5570c.flowsbiz.com/api/contacts/queue?limit=1:0
[45137984ms] [ERROR] Failed to load resource: the server responded with a status of 401 () @ https://client-1-77f5570c.flowsbiz.com/api/qr:0
[45137984ms] [ERROR] Failed to load resource: the server responded with a status of 401 () @ https://client-1-77f5570c.flowsbiz.com/api/campaign-results:0
[45139958ms] [ERROR] Failed to load resource: the server responded with a status of 401 () @ https://client-1-77f5570c.flowsbiz.com/api/qr:0
[45141978ms] [ERROR] Failed to load resource: the server responded with a status of 401 () @ https://client-1-77f5570c.flowsbiz.com/api/qr:0
[45142957ms] [ERROR] Failed to load resource: the server responded with a status of 401 () @ https://client-1-77f5570c.flowsbiz.com/api/campaign-results:0
[45142958ms] [ERROR] Failed to load resource: the server responded with a status of 401 () @ https://client-1-77f5570c.flowsbiz.com/api/contacts/queue?limit=1:0
[45143959ms] [ERROR] Failed to load resource: the server responded with a status of 401 () @ https://client-1-77f5570c.flowsbiz.com/api/qr:0
[45145977ms] [ERROR] Failed to load resource: the server responded with a status of 401 () @ https://client-1-77f5570c.flowsbiz.com/api/qr:0
[45147976ms] [ERROR] Failed to load resource: the server responded with a status of 401 () @ https://client-1-77f5570c.flowsbiz.com/api/campaign-results:0
[45147977ms] [ERROR] Failed to load resource: the server responded with a status of 401 () @ https://client-1-77f5570c.flowsbiz.com/api/qr:0
[45147977ms] [ERROR] Failed to load resource: the server responded with a status of 401 () @ https://client-1-77f5570c.flowsbiz.com/api/contacts/queue?limit=1:0
[45149984ms] [ERROR] Failed to load resource: the server responded with a status of 401 () @ https://client-1-77f5570c.flowsbiz.com/api/qr:0
[45151969ms] [ERROR] Failed to load resource: the server responded with a status of 401 () @ https://client-1-77f5570c.flowsbiz.com/api/qr:0
[45152966ms] [ERROR] Failed to load resource: the server responded with a status of 401 () @ https://client-1-77f5570c.flowsbiz.com/api/contacts/queue?limit=1:0
[45152967ms] [ERROR] Failed to load resource: the server responded with a status of 401 () @ https://client-1-77f5570c.flowsbiz.com/api/campaign-results:0
[45153967ms] [ERROR] Failed to load resource: the server responded with a status of 401 () @ https://client-1-77f5570c.flowsbiz.com/api/qr:0
[45155973ms] [ERROR] Failed to load resource: the server responded with a status of 401 () @ https://client-1-77f5570c.flowsbiz.com/api/qr:0
[45157959ms] [ERROR] Failed to load resource: the server responded with a status of 401 () @ https://client-1-77f5570c.flowsbiz.com/api/campaign-results:0
[45157960ms] [ERROR] Failed to load resource: the server responded with a status of 401 () @ https://client-1-77f5570c.flowsbiz.com/api/qr:0
[45157962ms] [ERROR] Failed to load resource: the server responded with a status of 401 () @ https://client-1-77f5570c.flowsbiz.com/api/contacts/queue?limit=1:0
[45159972ms] [ERROR] Failed to load resource: the server responded with a status of 401 () @ https://client-1-77f5570c.flowsbiz.com/api/qr:0
[45161963ms] [ERROR] Failed to load resource: the server responded with a status of 401 () @ https://client-1-77f5570c.flowsbiz.com/api/qr:0
[45162979ms] [ERROR] Failed to load resource: the server responded with a status of 401 () @ https://client-1-77f5570c.flowsbiz.com/api/contacts/queue?limit=1:0
[45162982ms] [ERROR] Failed to load resource: the server responded with a status of 401 () @ https://client-1-77f5570c.flowsbiz.com/api/campaign-results:0
[45163955ms] [ERROR] Failed to load resource: the server responded with a status of 401 () @ https://client-1-77f5570c.flowsbiz.com/api/qr:0
[45165960ms] [ERROR] Failed to load resource: the server responded with a status of 401 () @ https://client-1-77f5570c.flowsbiz.com/api/qr:0
[45167991ms] [ERROR] Failed to load resource: the server responded with a status of 401 () @ https://client-1-77f5570c.flowsbiz.com/api/campaign-results:0
[45167991ms] [ERROR] Failed to load resource: the server responded with a status of 401 () @ https://client-1-77f5570c.flowsbiz.com/api/contacts/queue?limit=1:0
[45167991ms] [ERROR] Failed to load resource: the server responded with a status of 401 () @ https://client-1-77f5570c.flowsbiz.com/api/qr:0
[45169985ms] [ERROR] Failed to load resource: the server responded with a status of 401 () @ https://client-1-77f5570c.flowsbiz.com/api/qr:0
[45171978ms] [ERROR] Failed to load resource: the server responded with a status of 401 () @ https://client-1-77f5570c.flowsbiz.com/api/qr:0
[45172973ms] [ERROR] Failed to load resource: the server responded with a status of 401 () @ https://client-1-77f5570c.flowsbiz.com/api/campaign-results:0
[45172973ms] [ERROR] Failed to load resource: the server responded with a status of 401 () @ https://client-1-77f5570c.flowsbiz.com/api/contacts/queue?limit=1:0
[45173984ms] [ERROR] Failed to load resource: the server responded with a status of 401 () @ https://client-1-77f5570c.flowsbiz.com/api/qr:0
[45175958ms] [ERROR] Failed to load resource: the server responded with a status of 401 () @ https://client-1-77f5570c.flowsbiz.com/api/qr:0
[45177969ms] [ERROR] Failed to load resource: the server responded with a status of 401 () @ https://client-1-77f5570c.flowsbiz.com/api/qr:0
[45177969ms] [ERROR] Failed to load resource: the server responded with a status of 401 () @ https://client-1-77f5570c.flowsbiz.com/api/campaign-results:0
[45177969ms] [ERROR] Failed to load resource: the server responded with a status of 401 () @ https://client-1-77f5570c.flowsbiz.com/api/contacts/queue?limit=1:0
[45179964ms] [ERROR] Failed to load resource: the server responded with a status of 401 () @ https://client-1-77f5570c.flowsbiz.com/api/qr:0
[45181993ms] [ERROR] Failed to load resource: the server responded with a status of 401 () @ https://client-1-77f5570c.flowsbiz.com/api/qr:0
[45182973ms] [ERROR] Failed to load resource: the server responded with a status of 401 () @ https://client-1-77f5570c.flowsbiz.com/api/campaign-results:0
[45182973ms] [ERROR] Failed to load resource: the server responded with a status of 401 () @ https://client-1-77f5570c.flowsbiz.com/api/contacts/queue?limit=1:0
[45183982ms] [ERROR] Failed to load resource: the server responded with a status of 401 () @ https://client-1-77f5570c.flowsbiz.com/api/qr:0
[45185971ms] [ERROR] Failed to load resource: the server responded with a status of 401 () @ https://client-1-77f5570c.flowsbiz.com/api/qr:0
[45187964ms] [ERROR] Failed to load resource: the server responded with a status of 401 () @ https://client-1-77f5570c.flowsbiz.com/api/campaign-results:0
[45187964ms] [ERROR] Failed to load resource: the server responded with a status of 401 () @ https://client-1-77f5570c.flowsbiz.com/api/contacts/queue?limit=1:0
[45187964ms] [ERROR] Failed to load resource: the server responded with a status of 401 () @ https://client-1-77f5570c.flowsbiz.com/api/qr:0
[45189965ms] [ERROR] Failed to load resource: the server responded with a status of 401 () @ https://client-1-77f5570c.flowsbiz.com/api/qr:0
[45191964ms] [ERROR] Failed to load resource: the server responded with a status of 401 () @ https://client-1-77f5570c.flowsbiz.com/api/qr:0
[45192966ms] [ERROR] Failed to load resource: the server responded with a status of 401 () @ https://client-1-77f5570c.flowsbiz.com/api/contacts/queue?limit=1:0
[45192967ms] [ERROR] Failed to load resource: the server responded with a status of 401 () @ https://client-1-77f5570c.flowsbiz.com/api/campaign-results:0
[45193960ms] [ERROR] Failed to load resource: the server responded with a status of 401 () @ https://client-1-77f5570c.flowsbiz.com/api/qr:0
[45195964ms] [ERROR] Failed to load resource: the server responded with a status of 401 () @ https://client-1-77f5570c.flowsbiz.com/api/qr:0
[45197986ms] [ERROR] Failed to load resource: the server responded with a status of 401 () @ https://client-1-77f5570c.flowsbiz.com/api/contacts/queue?limit=1:0
[45197986ms] [ERROR] Failed to load resource: the server responded with a status of 401 () @ https://client-1-77f5570c.flowsbiz.com/api/campaign-results:0
[45197986ms] [ERROR] Failed to load resource: the server responded with a status of 401 () @ https://client-1-77f5570c.flowsbiz.com/api/qr:0
[45199967ms] [ERROR] Failed to load resource: the server responded with a status of 401 () @ https://client-1-77f5570c.flowsbiz.com/api/qr:0
[45201964ms] [ERROR] Failed to load resource: the server responded with a status of 401 () @ https://client-1-77f5570c.flowsbiz.com/api/qr:0
[45202967ms] [ERROR] Failed to load resource: the server responded with a status of 401 () @ https://client-1-77f5570c.flowsbiz.com/api/contacts/queue?limit=1:0
[45202967ms] [ERROR] Failed to load resource: the server responded with a status of 401 () @ https://client-1-77f5570c.flowsbiz.com/api/campaign-results:0
[45203998ms] [ERROR] Failed to load resource: the server responded with a status of 401 () @ https://client-1-77f5570c.flowsbiz.com/api/qr:0
[45205967ms] [ERROR] Failed to load resource: the server responded with a status of 401 () @ https://client-1-77f5570c.flowsbiz.com/api/qr:0
[45207969ms] [ERROR] Failed to load resource: the server responded with a status of 401 () @ https://client-1-77f5570c.flowsbiz.com/api/campaign-results:0
[45207972ms] [ERROR] Failed to load resource: the server responded with a status of 401 () @ https://client-1-77f5570c.flowsbiz.com/api/contacts/queue?limit=1:0
[45207972ms] [ERROR] Failed to load resource: the server responded with a status of 401 () @ https://client-1-77f5570c.flowsbiz.com/api/qr:0
[45209965ms] [ERROR] Failed to load resource: the server responded with a status of 401 () @ https://client-1-77f5570c.flowsbiz.com/api/qr:0
[45211989ms] [ERROR] Failed to load resource: the server responded with a status of 401 () @ https://client-1-77f5570c.flowsbiz.com/api/qr:0
[45212965ms] [ERROR] Failed to load resource: the server responded with a status of 401 () @ https://client-1-77f5570c.flowsbiz.com/api/contacts/queue?limit=1:0
[45212965ms] [ERROR] Failed to load resource: the server responded with a status of 401 () @ https://client-1-77f5570c.flowsbiz.com/api/campaign-results:0
[45213978ms] [ERROR] Failed to load resource: the server responded with a status of 401 () @ https://client-1-77f5570c.flowsbiz.com/api/qr:0
[45215969ms] [ERROR] Failed to load resource: the server responded with a status of 401 () @ https://client-1-77f5570c.flowsbiz.com/api/qr:0
[45217966ms] [ERROR] Failed to load resource: the server responded with a status of 401 () @ https://client-1-77f5570c.flowsbiz.com/api/campaign-results:0
[45217967ms] [ERROR] Failed to load resource: the server responded with a status of 401 () @ https://client-1-77f5570c.flowsbiz.com/api/contacts/queue?limit=1:0
[45217967ms] [ERROR] Failed to load resource: the server responded with a status of 401 () @ https://client-1-77f5570c.flowsbiz.com/api/qr:0
[45219977ms] [ERROR] Failed to load resource: the server responded with a status of 401 () @ https://client-1-77f5570c.flowsbiz.com/api/qr:0
[45221975ms] [ERROR] Failed to load resource: the server responded with a status of 401 () @ https://client-1-77f5570c.flowsbiz.com/api/qr:0
[45223018ms] [ERROR] Failed to load resource: the server responded with a status of 401 () @ https://client-1-77f5570c.flowsbiz.com/api/contacts/queue?limit=1:0
[45223018ms] [ERROR] Failed to load resource: the server responded with a status of 401 () @ https://client-1-77f5570c.flowsbiz.com/api/campaign-results:0
[45223961ms] [ERROR] Failed to load resource: the server responded with a status of 401 () @ https://client-1-77f5570c.flowsbiz.com/api/qr:0
[45225980ms] [ERROR] Failed to load resource: the server responded with a status of 401 () @ https://client-1-77f5570c.flowsbiz.com/api/qr:0
[45227987ms] [ERROR] Failed to load resource: the server responded with a status of 401 () @ https://client-1-77f5570c.flowsbiz.com/api/qr:0
[45227988ms] [ERROR] Failed to load resource: the server responded with a status of 401 () @ https://client-1-77f5570c.flowsbiz.com/api/campaign-results:0
[45227988ms] [ERROR] Failed to load resource: the server responded with a status of 401 () @ https://client-1-77f5570c.flowsbiz.com/api/contacts/queue?limit=1:0
[45229974ms] [ERROR] Failed to load resource: the server responded with a status of 401 () @ https://client-1-77f5570c.flowsbiz.com/api/qr:0
[45231999ms] [ERROR] Failed to load resource: the server responded with a status of 401 () @ https://client-1-77f5570c.flowsbiz.com/api/qr:0
[45232980ms] [ERROR] Failed to load resource: the server responded with a status of 401 () @ https://client-1-77f5570c.flowsbiz.com/api/contacts/queue?limit=1:0
[45232981ms] [ERROR] Failed to load resource: the server responded with a status of 401 () @ https://client-1-77f5570c.flowsbiz.com/api/campaign-results:0
[45233977ms] [ERROR] Failed to load resource: the server responded with a status of 401 () @ https://client-1-77f5570c.flowsbiz.com/api/qr:0
[45235955ms] [ERROR] Failed to load resource: the server responded with a status of 401 () @ https://client-1-77f5570c.flowsbiz.com/api/qr:0
[45237967ms] [ERROR] Failed to load resource: the server responded with a status of 401 () @ https://client-1-77f5570c.flowsbiz.com/api/qr:0
[45237968ms] [ERROR] Failed to load resource: the server responded with a status of 401 () @ https://client-1-77f5570c.flowsbiz.com/api/campaign-results:0
[45237968ms] [ERROR] Failed to load resource: the server responded with a status of 401 () @ https://client-1-77f5570c.flowsbiz.com/api/contacts/queue?limit=1:0
[45239979ms] [ERROR] Failed to load resource: the server responded with a status of 401 () @ https://client-1-77f5570c.flowsbiz.com/api/qr:0
[45241999ms] [ERROR] Failed to load resource: the server responded with a status of 401 () @ https://client-1-77f5570c.flowsbiz.com/api/qr:0
[45242958ms] [ERROR] Failed to load resource: the server responded with a status of 401 () @ https://client-1-77f5570c.flowsbiz.com/api/campaign-results:0
[45242958ms] [ERROR] Failed to load resource: the server responded with a status of 401 () @ https://client-1-77f5570c.flowsbiz.com/api/contacts/queue?limit=1:0
[45243977ms] [ERROR] Failed to load resource: the server responded with a status of 401 () @ https://client-1-77f5570c.flowsbiz.com/api/qr:0
[45245980ms] [ERROR] Failed to load resource: the server responded with a status of 401 () @ https://client-1-77f5570c.flowsbiz.com/api/qr:0
[45247979ms] [ERROR] Failed to load resource: the server responded with a status of 401 () @ https://client-1-77f5570c.flowsbiz.com/api/contacts/queue?limit=1:0
[45247980ms] [ERROR] Failed to load resource: the server responded with a status of 401 () @ https://client-1-77f5570c.flowsbiz.com/api/campaign-results:0
[45247980ms] [ERROR] Failed to load resource: the server responded with a status of 401 () @ https://client-1-77f5570c.flowsbiz.com/api/qr:0
[45249977ms] [ERROR] Failed to load resource: the server responded with a status of 401 () @ https://client-1-77f5570c.flowsbiz.com/api/qr:0
[45251974ms] [ERROR] Failed to load resource: the server responded with a status of 401 () @ https://client-1-77f5570c.flowsbiz.com/api/qr:0
[45252989ms] [ERROR] Failed to load resource: the server responded with a status of 401 () @ https://client-1-77f5570c.flowsbiz.com/api/contacts/queue?limit=1:0
[45252994ms] [ERROR] Failed to load resource: the server responded with a status of 401 () @ https://client-1-77f5570c.flowsbiz.com/api/campaign-results:0
[45253958ms] [ERROR] Failed to load resource: the server responded with a status of 401 () @ https://client-1-77f5570c.flowsbiz.com/api/qr:0
[45255996ms] [ERROR] Failed to load resource: the server responded with a status of 401 () @ https://client-1-77f5570c.flowsbiz.com/api/qr:0
[45257962ms] [ERROR] Failed to load resource: the server responded with a status of 401 () @ https://client-1-77f5570c.flowsbiz.com/api/contacts/queue?limit=1:0
[45257963ms] [ERROR] Failed to load resource: the server responded with a status of 401 () @ https://client-1-77f5570c.flowsbiz.com/api/campaign-results:0
[45257963ms] [ERROR] Failed to load resource: the server responded with a status of 401 () @ https://client-1-77f5570c.flowsbiz.com/api/qr:0
[45259980ms] [ERROR] Failed to load resource: the server responded with a status of 401 () @ https://client-1-77f5570c.flowsbiz.com/api/qr:0
[45261983ms] [ERROR] Failed to load resource: the server responded with a status of 401 () @ https://client-1-77f5570c.flowsbiz.com/api/qr:0
[45262981ms] [ERROR] Failed to load resource: the server responded with a status of 401 () @ https://client-1-77f5570c.flowsbiz.com/api/campaign-results:0
[45262981ms] [ERROR] Failed to load resource: the server responded with a status of 401 () @ https://client-1-77f5570c.flowsbiz.com/api/contacts/queue?limit=1:0
[45263997ms] [ERROR] Failed to load resource: the server responded with a status of 401 () @ https://client-1-77f5570c.flowsbiz.com/api/qr:0
[45265977ms] [ERROR] Failed to load resource: the server responded with a status of 401 () @ https://client-1-77f5570c.flowsbiz.com/api/qr:0
[45267966ms] [ERROR] Failed to load resource: the server responded with a status of 401 () @ https://client-1-77f5570c.flowsbiz.com/api/contacts/queue?limit=1:0
[45267967ms] [ERROR] Failed to load resource: the server responded with a status of 401 () @ https://client-1-77f5570c.flowsbiz.com/api/campaign-results:0
[45267967ms] [ERROR] Failed to load resource: the server responded with a status of 401 () @ https://client-1-77f5570c.flowsbiz.com/api/qr:0
[45270011ms] [ERROR] Failed to load resource: the server responded with a status of 401 () @ https://client-1-77f5570c.flowsbiz.com/api/qr:0
[45271981ms] [ERROR] Failed to load resource: the server responded with a status of 401 () @ https://client-1-77f5570c.flowsbiz.com/api/qr:0
[45272968ms] [ERROR] Failed to load resource: the server responded with a status of 401 () @ https://client-1-77f5570c.flowsbiz.com/api/contacts/queue?limit=1:0
[45272968ms] [ERROR] Failed to load resource: the server responded with a status of 401 () @ https://client-1-77f5570c.flowsbiz.com/api/campaign-results:0
[45273968ms] [ERROR] Failed to load resource: the server responded with a status of 401 () @ https://client-1-77f5570c.flowsbiz.com/api/qr:0
[45276002ms] [ERROR] Failed to load resource: the server responded with a status of 401 () @ https://client-1-77f5570c.flowsbiz.com/api/qr:0
[45277985ms] [ERROR] Failed to load resource: the server responded with a status of 401 () @ https://client-1-77f5570c.flowsbiz.com/api/campaign-results:0
[45277985ms] [ERROR] Failed to load resource: the server responded with a status of 401 () @ https://client-1-77f5570c.flowsbiz.com/api/contacts/queue?limit=1:0
[45277989ms] [ERROR] Failed to load resource: the server responded with a status of 401 () @ https://client-1-77f5570c.flowsbiz.com/api/qr:0
[45279965ms] [ERROR] Failed to load resource: the server responded with a status of 401 () @ https://client-1-77f5570c.flowsbiz.com/api/qr:0
[45281958ms] [ERROR] Failed to load resource: the server responded with a status of 401 () @ https://client-1-77f5570c.flowsbiz.com/api/qr:0
[45282983ms] [ERROR] Failed to load resource: the server responded with a status of 401 () @ https://client-1-77f5570c.flowsbiz.com/api/contacts/queue?limit=1:0
[45282990ms] [ERROR] Failed to load resource: the server responded with a status of 401 () @ https://client-1-77f5570c.flowsbiz.com/api/campaign-results:0
[45283957ms] [ERROR] Failed to load resource: the server responded with a status of 401 () @ https://client-1-77f5570c.flowsbiz.com/api/qr:0
[45285967ms] [ERROR] Failed to load resource: the server responded with a status of 401 () @ https://client-1-77f5570c.flowsbiz.com/api/qr:0
[45287966ms] [ERROR] Failed to load resource: the server responded with a status of 401 () @ https://client-1-77f5570c.flowsbiz.com/api/contacts/queue?limit=1:0
[45287966ms] [ERROR] Failed to load resource: the server responded with a status of 401 () @ https://client-1-77f5570c.flowsbiz.com/api/campaign-results:0
[45287967ms] [ERROR] Failed to load resource: the server responded with a status of 401 () @ https://client-1-77f5570c.flowsbiz.com/api/qr:0
[45289959ms] [ERROR] Failed to load resource: the server responded with a status of 401 () @ https://client-1-77f5570c.flowsbiz.com/api/qr:0
[45291981ms] [ERROR] Failed to load resource: the server responded with a status of 401 () @ https://client-1-77f5570c.flowsbiz.com/api/qr:0
[45292980ms] [ERROR] Failed to load resource: the server responded with a status of 401 () @ https://client-1-77f5570c.flowsbiz.com/api/contacts/queue?limit=1:0
[45292981ms] [ERROR] Failed to load resource: the server responded with a status of 401 () @ https://client-1-77f5570c.flowsbiz.com/api/campaign-results:0
[45294032ms] [ERROR] Failed to load resource: the server responded with a status of 401 () @ https://client-1-77f5570c.flowsbiz.com/api/qr:0
[45295958ms] [ERROR] Failed to load resource: the server responded with a status of 401 () @ https://client-1-77f5570c.flowsbiz.com/api/qr:0
[45297985ms] [ERROR] Failed to load resource: the server responded with a status of 401 () @ https://client-1-77f5570c.flowsbiz.com/api/contacts/queue?limit=1:0
[45297986ms] [ERROR] Failed to load resource: the server responded with a status of 401 () @ https://client-1-77f5570c.flowsbiz.com/api/campaign-results:0
[45297986ms] [ERROR] Failed to load resource: the server responded with a status of 401 () @ https://client-1-77f5570c.flowsbiz.com/api/qr:0
[45299974ms] [ERROR] Failed to load resource: the server responded with a status of 401 () @ https://client-1-77f5570c.flowsbiz.com/api/qr:0
[45301981ms] [ERROR] Failed to load resource: the server responded with a status of 401 () @ https://client-1-77f5570c.flowsbiz.com/api/qr:0
[45302980ms] [ERROR] Failed to load resource: the server responded with a status of 401 () @ https://client-1-77f5570c.flowsbiz.com/api/contacts/queue?limit=1:0
[45302980ms] [ERROR] Failed to load resource: the server responded with a status of 401 () @ https://client-1-77f5570c.flowsbiz.com/api/campaign-results:0
[45304004ms] [ERROR] Failed to load resource: the server responded with a status of 401 () @ https://client-1-77f5570c.flowsbiz.com/api/qr:0
[45305965ms] [ERROR] Failed to load resource: the server responded with a status of 401 () @ https://client-1-77f5570c.flowsbiz.com/api/qr:0
[45307983ms] [ERROR] Failed to load resource: the server responded with a status of 401 () @ https://client-1-77f5570c.flowsbiz.com/api/campaign-results:0
[45307988ms] [ERROR] Failed to load resource: the server responded with a status of 401 () @ https://client-1-77f5570c.flowsbiz.com/api/contacts/queue?limit=1:0
[45307989ms] [ERROR] Failed to load resource: the server responded with a status of 401 () @ https://client-1-77f5570c.flowsbiz.com/api/qr:0
[45309980ms] [ERROR] Failed to load resource: the server responded with a status of 401 () @ https://client-1-77f5570c.flowsbiz.com/api/qr:0
[45311967ms] [ERROR] Failed to load resource: the server responded with a status of 401 () @ https://client-1-77f5570c.flowsbiz.com/api/qr:0
[45312958ms] [ERROR] Failed to load resource: the server responded with a status of 401 () @ https://client-1-77f5570c.flowsbiz.com/api/contacts/queue?limit=1:0
[45312960ms] [ERROR] Failed to load resource: the server responded with a status of 401 () @ https://client-1-77f5570c.flowsbiz.com/api/campaign-results:0
[45313958ms] [ERROR] Failed to load resource: the server responded with a status of 401 () @ https://client-1-77f5570c.flowsbiz.com/api/qr:0
[45315965ms] [ERROR] Failed to load resource: the server responded with a status of 401 () @ https://client-1-77f5570c.flowsbiz.com/api/qr:0
[45318002ms] [ERROR] Failed to load resource: the server responded with a status of 401 () @ https://client-1-77f5570c.flowsbiz.com/api/qr:0
[45318002ms] [ERROR] Failed to load resource: the server responded with a status of 401 () @ https://client-1-77f5570c.flowsbiz.com/api/contacts/queue?limit=1:0
[45318002ms] [ERROR] Failed to load resource: the server responded with a status of 401 () @ https://client-1-77f5570c.flowsbiz.com/api/campaign-results:0
[45319985ms] [ERROR] Failed to load resource: the server responded with a status of 401 () @ https://client-1-77f5570c.flowsbiz.com/api/qr:0
[45321969ms] [ERROR] Failed to load resource: the server responded with a status of 401 () @ https://client-1-77f5570c.flowsbiz.com/api/qr:0
[45322986ms] [ERROR] Failed to load resource: the server responded with a status of 401 () @ https://client-1-77f5570c.flowsbiz.com/api/contacts/queue?limit=1:0
[45322986ms] [ERROR] Failed to load resource: the server responded with a status of 401 () @ https://client-1-77f5570c.flowsbiz.com/api/campaign-results:0
[45323959ms] [ERROR] Failed to load resource: the server responded with a status of 401 () @ https://client-1-77f5570c.flowsbiz.com/api/qr:0
[45325966ms] [ERROR] Failed to load resource: the server responded with a status of 401 () @ https://client-1-77f5570c.flowsbiz.com/api/qr:0
[45327981ms] [ERROR] Failed to load resource: the server responded with a status of 401 () @ https://client-1-77f5570c.flowsbiz.com/api/campaign-results:0
[45327982ms] [ERROR] Failed to load resource: the server responded with a status of 401 () @ https://client-1-77f5570c.flowsbiz.com/api/qr:0
[45327982ms] [ERROR] Failed to load resource: the server responded with a status of 401 () @ https://client-1-77f5570c.flowsbiz.com/api/contacts/queue?limit=1:0
[45329970ms] [ERROR] Failed to load resource: the server responded with a status of 401 () @ https://client-1-77f5570c.flowsbiz.com/api/qr:0
[45331972ms] [ERROR] Failed to load resource: the server responded with a status of 401 () @ https://client-1-77f5570c.flowsbiz.com/api/qr:0
[45332966ms] [ERROR] Failed to load resource: the server responded with a status of 401 () @ https://client-1-77f5570c.flowsbiz.com/api/contacts/queue?limit=1:0
[45332969ms] [ERROR] Failed to load resource: the server responded with a status of 401 () @ https://client-1-77f5570c.flowsbiz.com/api/campaign-results:0
[45333973ms] [ERROR] Failed to load resource: the server responded with a status of 401 () @ https://client-1-77f5570c.flowsbiz.com/api/qr:0
[45335963ms] [ERROR] Failed to load resource: the server responded with a status of 401 () @ https://client-1-77f5570c.flowsbiz.com/api/qr:0
[45337957ms] [ERROR] Failed to load resource: the server responded with a status of 401 () @ https://client-1-77f5570c.flowsbiz.com/api/campaign-results:0
[45337957ms] [ERROR] Failed to load resource: the server responded with a status of 401 () @ https://client-1-77f5570c.flowsbiz.com/api/contacts/queue?limit=1:0
[45337958ms] [ERROR] Failed to load resource: the server responded with a status of 401 () @ https://client-1-77f5570c.flowsbiz.com/api/qr:0
[45339957ms] [ERROR] Failed to load resource: the server responded with a status of 401 () @ https://client-1-77f5570c.flowsbiz.com/api/qr:0
[45341963ms] [ERROR] Failed to load resource: the server responded with a status of 401 () @ https://client-1-77f5570c.flowsbiz.com/api/qr:0
[45342988ms] [ERROR] Failed to load resource: the server responded with a status of 401 () @ https://client-1-77f5570c.flowsbiz.com/api/contacts/queue?limit=1:0
[45342990ms] [ERROR] Failed to load resource: the server responded with a status of 401 () @ https://client-1-77f5570c.flowsbiz.com/api/campaign-results:0
[45343965ms] [ERROR] Failed to load resource: the server responded with a status of 401 () @ https://client-1-77f5570c.flowsbiz.com/api/qr:0
[45345967ms] [ERROR] Failed to load resource: the server responded with a status of 401 () @ https://client-1-77f5570c.flowsbiz.com/api/qr:0
[45347966ms] [ERROR] Failed to load resource: the server responded with a status of 401 () @ https://client-1-77f5570c.flowsbiz.com/api/contacts/queue?limit=1:0
[45347966ms] [ERROR] Failed to load resource: the server responded with a status of 401 () @ https://client-1-77f5570c.flowsbiz.com/api/qr:0
[45347969ms] [ERROR] Failed to load resource: the server responded with a status of 401 () @ https://client-1-77f5570c.flowsbiz.com/api/campaign-results:0
[45349977ms] [ERROR] Failed to load resource: the server responded with a status of 401 () @ https://client-1-77f5570c.flowsbiz.com/api/qr:0
[45351987ms] [ERROR] Failed to load resource: the server responded with a status of 401 () @ https://client-1-77f5570c.flowsbiz.com/api/qr:0
[45352963ms] [ERROR] Failed to load resource: the server responded with a status of 401 () @ https://client-1-77f5570c.flowsbiz.com/api/contacts/queue?limit=1:0
[45352963ms] [ERROR] Failed to load resource: the server responded with a status of 401 () @ https://client-1-77f5570c.flowsbiz.com/api/campaign-results:0
[45353975ms] [ERROR] Failed to load resource: the server responded with a status of 401 () @ https://client-1-77f5570c.flowsbiz.com/api/qr:0
[45355965ms] [ERROR] Failed to load resource: the server responded with a status of 401 () @ https://client-1-77f5570c.flowsbiz.com/api/qr:0
[45357967ms] [ERROR] Failed to load resource: the server responded with a status of 401 () @ https://client-1-77f5570c.flowsbiz.com/api/contacts/queue?limit=1:0
[45357967ms] [ERROR] Failed to load resource: the server responded with a status of 401 () @ https://client-1-77f5570c.flowsbiz.com/api/campaign-results:0
[45357967ms] [ERROR] Failed to load resource: the server responded with a status of 401 () @ https://client-1-77f5570c.flowsbiz.com/api/qr:0
[45359958ms] [ERROR] Failed to load resource: the server responded with a status of 401 () @ https://client-1-77f5570c.flowsbiz.com/api/qr:0
[45361966ms] [ERROR] Failed to load resource: the server responded with a status of 401 () @ https://client-1-77f5570c.flowsbiz.com/api/qr:0
[45362964ms] [ERROR] Failed to load resource: the server responded with a status of 401 () @ https://client-1-77f5570c.flowsbiz.com/api/campaign-results:0
[45362964ms] [ERROR] Failed to load resource: the server responded with a status of 401 () @ https://client-1-77f5570c.flowsbiz.com/api/contacts/queue?limit=1:0
[45363996ms] [ERROR] Failed to load resource: the server responded with a status of 401 () @ https://client-1-77f5570c.flowsbiz.com/api/qr:0
[45365968ms] [ERROR] Failed to load resource: the server responded with a status of 401 () @ https://client-1-77f5570c.flowsbiz.com/api/qr:0
[45367966ms] [ERROR] Failed to load resource: the server responded with a status of 401 () @ https://client-1-77f5570c.flowsbiz.com/api/campaign-results:0
[45367967ms] [ERROR] Failed to load resource: the server responded with a status of 401 () @ https://client-1-77f5570c.flowsbiz.com/api/contacts/queue?limit=1:0
[45367967ms] [ERROR] Failed to load resource: the server responded with a status of 401 () @ https://client-1-77f5570c.flowsbiz.com/api/qr:0
[45369979ms] [ERROR] Failed to load resource: the server responded with a status of 401 () @ https://client-1-77f5570c.flowsbiz.com/api/qr:0
[45371962ms] [ERROR] Failed to load resource: the server responded with a status of 401 () @ https://client-1-77f5570c.flowsbiz.com/api/qr:0
[45372962ms] [ERROR] Failed to load resource: the server responded with a status of 401 () @ https://client-1-77f5570c.flowsbiz.com/api/contacts/queue?limit=1:0
[45372963ms] [ERROR] Failed to load resource: the server responded with a status of 401 () @ https://client-1-77f5570c.flowsbiz.com/api/campaign-results:0
[45373957ms] [ERROR] Failed to load resource: the server responded with a status of 401 () @ https://client-1-77f5570c.flowsbiz.com/api/qr:0
[45375968ms] [ERROR] Failed to load resource: the server responded with a status of 401 () @ https://client-1-77f5570c.flowsbiz.com/api/qr:0
[45377961ms] [ERROR] Failed to load resource: the server responded with a status of 401 () @ https://client-1-77f5570c.flowsbiz.com/api/contacts/queue?limit=1:0
[45377961ms] [ERROR] Failed to load resource: the server responded with a status of 401 () @ https://client-1-77f5570c.flowsbiz.com/api/campaign-results:0
[45377961ms] [ERROR] Failed to load resource: the server responded with a status of 401 () @ https://client-1-77f5570c.flowsbiz.com/api/qr:0
[45379966ms] [ERROR] Failed to load resource: the server responded with a status of 401 () @ https://client-1-77f5570c.flowsbiz.com/api/qr:0
[45381968ms] [ERROR] Failed to load resource: the server responded with a status of 401 () @ https://client-1-77f5570c.flowsbiz.com/api/qr:0
[45382965ms] [ERROR] Failed to load resource: the server responded with a status of 401 () @ https://client-1-77f5570c.flowsbiz.com/api/contacts/queue?limit=1:0
[45382965ms] [ERROR] Failed to load resource: the server responded with a status of 401 () @ https://client-1-77f5570c.flowsbiz.com/api/campaign-results:0
[45383965ms] [ERROR] Failed to load resource: the server responded with a status of 401 () @ https://client-1-77f5570c.flowsbiz.com/api/qr:0
[45385966ms] [ERROR] Failed to load resource: the server responded with a status of 401 () @ https://client-1-77f5570c.flowsbiz.com/api/qr:0
[45387964ms] [ERROR] Failed to load resource: the server responded with a status of 401 () @ https://client-1-77f5570c.flowsbiz.com/api/contacts/queue?limit=1:0
[45387965ms] [ERROR] Failed to load resource: the server responded with a status of 401 () @ https://client-1-77f5570c.flowsbiz.com/api/qr:0
[45387965ms] [ERROR] Failed to load resource: the server responded with a status of 401 () @ https://client-1-77f5570c.flowsbiz.com/api/campaign-results:0
[45389972ms] [ERROR] Failed to load resource: the server responded with a status of 401 () @ https://client-1-77f5570c.flowsbiz.com/api/qr:0
[45391961ms] [ERROR] Failed to load resource: the server responded with a status of 401 () @ https://client-1-77f5570c.flowsbiz.com/api/qr:0
[45392977ms] [ERROR] Failed to load resource: the server responded with a status of 401 () @ https://client-1-77f5570c.flowsbiz.com/api/campaign-results:0
[45392977ms] [ERROR] Failed to load resource: the server responded with a status of 401 () @ https://client-1-77f5570c.flowsbiz.com/api/contacts/queue?limit=1:0
[45393971ms] [ERROR] Failed to load resource: the server responded with a status of 401 () @ https://client-1-77f5570c.flowsbiz.com/api/qr:0
[45395966ms] [ERROR] Failed to load resource: the server responded with a status of 401 () @ https://client-1-77f5570c.flowsbiz.com/api/qr:0
[45397968ms] [ERROR] Failed to load resource: the server responded with a status of 401 () @ https://client-1-77f5570c.flowsbiz.com/api/contacts/queue?limit=1:0
[45397968ms] [ERROR] Failed to load resource: the server responded with a status of 401 () @ https://client-1-77f5570c.flowsbiz.com/api/campaign-results:0
[45397968ms] [ERROR] Failed to load resource: the server responded with a status of 401 () @ https://client-1-77f5570c.flowsbiz.com/api/qr:0
[45399960ms] [ERROR] Failed to load resource: the server responded with a status of 401 () @ https://client-1-77f5570c.flowsbiz.com/api/qr:0
[45401967ms] [ERROR] Failed to load resource: the server responded with a status of 401 () @ https://client-1-77f5570c.flowsbiz.com/api/qr:0
[45402969ms] [ERROR] Failed to load resource: the server responded with a status of 401 () @ https://client-1-77f5570c.flowsbiz.com/api/campaign-results:0
[45402969ms] [ERROR] Failed to load resource: the server responded with a status of 401 () @ https://client-1-77f5570c.flowsbiz.com/api/contacts/queue?limit=1:0
[45403960ms] [ERROR] Failed to load resource: the server responded with a status of 401 () @ https://client-1-77f5570c.flowsbiz.com/api/qr:0
[45405965ms] [ERROR] Failed to load resource: the server responded with a status of 401 () @ https://client-1-77f5570c.flowsbiz.com/api/qr:0
[45407995ms] [ERROR] Failed to load resource: the server responded with a status of 401 () @ https://client-1-77f5570c.flowsbiz.com/api/qr:0
[45407995ms] [ERROR] Failed to load resource: the server responded with a status of 401 () @ https://client-1-77f5570c.flowsbiz.com/api/campaign-results:0
[45407996ms] [ERROR] Failed to load resource: the server responded with a status of 401 () @ https://client-1-77f5570c.flowsbiz.com/api/contacts/queue?limit=1:0
[45409960ms] [ERROR] Failed to load resource: the server responded with a status of 401 () @ https://client-1-77f5570c.flowsbiz.com/api/qr:0
[45411971ms] [ERROR] Failed to load resource: the server responded with a status of 401 () @ https://client-1-77f5570c.flowsbiz.com/api/qr:0
[45412975ms] [ERROR] Failed to load resource: the server responded with a status of 401 () @ https://client-1-77f5570c.flowsbiz.com/api/contacts/queue?limit=1:0
[45412976ms] [ERROR] Failed to load resource: the server responded with a status of 401 () @ https://client-1-77f5570c.flowsbiz.com/api/campaign-results:0
[45413960ms] [ERROR] Failed to load resource: the server responded with a status of 401 () @ https://client-1-77f5570c.flowsbiz.com/api/qr:0
[45415968ms] [ERROR] Failed to load resource: the server responded with a status of 401 () @ https://client-1-77f5570c.flowsbiz.com/api/qr:0
[45417985ms] [ERROR] Failed to load resource: the server responded with a status of 401 () @ https://client-1-77f5570c.flowsbiz.com/api/campaign-results:0
[45417987ms] [ERROR] Failed to load resource: the server responded with a status of 401 () @ https://client-1-77f5570c.flowsbiz.com/api/contacts/queue?limit=1:0
[45417987ms] [ERROR] Failed to load resource: the server responded with a status of 401 () @ https://client-1-77f5570c.flowsbiz.com/api/qr:0
[45419962ms] [ERROR] Failed to load resource: the server responded with a status of 401 () @ https://client-1-77f5570c.flowsbiz.com/api/qr:0
[45421990ms] [ERROR] Failed to load resource: the server responded with a status of 401 () @ https://client-1-77f5570c.flowsbiz.com/api/qr:0
[45422958ms] [ERROR] Failed to load resource: the server responded with a status of 401 () @ https://client-1-77f5570c.flowsbiz.com/api/campaign-results:0
[45422958ms] [ERROR] Failed to load resource: the server responded with a status of 401 () @ https://client-1-77f5570c.flowsbiz.com/api/contacts/queue?limit=1:0
[45423960ms] [ERROR] Failed to load resource: the server responded with a status of 401 () @ https://client-1-77f5570c.flowsbiz.com/api/qr:0
[45425968ms] [ERROR] Failed to load resource: the server responded with a status of 401 () @ https://client-1-77f5570c.flowsbiz.com/api/qr:0
[45427967ms] [ERROR] Failed to load resource: the server responded with a status of 401 () @ https://client-1-77f5570c.flowsbiz.com/api/contacts/queue?limit=1:0
[45427968ms] [ERROR] Failed to load resource: the server responded with a status of 401 () @ https://client-1-77f5570c.flowsbiz.com/api/qr:0
[45427971ms] [ERROR] Failed to load resource: the server responded with a status of 401 () @ https://client-1-77f5570c.flowsbiz.com/api/campaign-results:0
[45429978ms] [ERROR] Failed to load resource: the server responded with a status of 401 () @ https://client-1-77f5570c.flowsbiz.com/api/qr:0
[45431974ms] [ERROR] Failed to load resource: the server responded with a status of 401 () @ https://client-1-77f5570c.flowsbiz.com/api/qr:0
[45432978ms] [ERROR] Failed to load resource: the server responded with a status of 401 () @ https://client-1-77f5570c.flowsbiz.com/api/contacts/queue?limit=1:0
[45432978ms] [ERROR] Failed to load resource: the server responded with a status of 401 () @ https://client-1-77f5570c.flowsbiz.com/api/campaign-results:0
[45433970ms] [ERROR] Failed to load resource: the server responded with a status of 401 () @ https://client-1-77f5570c.flowsbiz.com/api/qr:0
[45435962ms] [ERROR] Failed to load resource: the server responded with a status of 401 () @ https://client-1-77f5570c.flowsbiz.com/api/qr:0
[45437966ms] [ERROR] Failed to load resource: the server responded with a status of 401 () @ https://client-1-77f5570c.flowsbiz.com/api/qr:0
[45437967ms] [ERROR] Failed to load resource: the server responded with a status of 401 () @ https://client-1-77f5570c.flowsbiz.com/api/contacts/queue?limit=1:0
[45437968ms] [ERROR] Failed to load resource: the server responded with a status of 401 () @ https://client-1-77f5570c.flowsbiz.com/api/campaign-results:0
[45439967ms] [ERROR] Failed to load resource: the server responded with a status of 401 () @ https://client-1-77f5570c.flowsbiz.com/api/qr:0
[45441971ms] [ERROR] Failed to load resource: the server responded with a status of 401 () @ https://client-1-77f5570c.flowsbiz.com/api/qr:0
[45442961ms] [ERROR] Failed to load resource: the server responded with a status of 401 () @ https://client-1-77f5570c.flowsbiz.com/api/campaign-results:0
[45442961ms] [ERROR] Failed to load resource: the server responded with a status of 401 () @ https://client-1-77f5570c.flowsbiz.com/api/contacts/queue?limit=1:0
[45443966ms] [ERROR] Failed to load resource: the server responded with a status of 401 () @ https://client-1-77f5570c.flowsbiz.com/api/qr:0
[45445960ms] [ERROR] Failed to load resource: the server responded with a status of 401 () @ https://client-1-77f5570c.flowsbiz.com/api/qr:0
[45447978ms] [ERROR] Failed to load resource: the server responded with a status of 401 () @ https://client-1-77f5570c.flowsbiz.com/api/campaign-results:0
[45447979ms] [ERROR] Failed to load resource: the server responded with a status of 401 () @ https://client-1-77f5570c.flowsbiz.com/api/qr:0
[45447980ms] [ERROR] Failed to load resource: the server responded with a status of 401 () @ https://client-1-77f5570c.flowsbiz.com/api/contacts/queue?limit=1:0
[45449962ms] [ERROR] Failed to load resource: the server responded with a status of 401 () @ https://client-1-77f5570c.flowsbiz.com/api/qr:0
[45451970ms] [ERROR] Failed to load resource: the server responded with a status of 401 () @ https://client-1-77f5570c.flowsbiz.com/api/qr:0
[45452987ms] [ERROR] Failed to load resource: the server responded with a status of 401 () @ https://client-1-77f5570c.flowsbiz.com/api/contacts/queue?limit=1:0
[45452988ms] [ERROR] Failed to load resource: the server responded with a status of 401 () @ https://client-1-77f5570c.flowsbiz.com/api/campaign-results:0
[45453969ms] [ERROR] Failed to load resource: the server responded with a status of 401 () @ https://client-1-77f5570c.flowsbiz.com/api/qr:0
[45455988ms] [ERROR] Failed to load resource: the server responded with a status of 401 () @ https://client-1-77f5570c.flowsbiz.com/api/qr:0
[45457982ms] [ERROR] Failed to load resource: the server responded with a status of 401 () @ https://client-1-77f5570c.flowsbiz.com/api/campaign-results:0
[45457982ms] [ERROR] Failed to load resource: the server responded with a status of 401 () @ https://client-1-77f5570c.flowsbiz.com/api/qr:0
[45457983ms] [ERROR] Failed to load resource: the server responded with a status of 401 () @ https://client-1-77f5570c.flowsbiz.com/api/contacts/queue?limit=1:0
[45459961ms] [ERROR] Failed to load resource: the server responded with a status of 401 () @ https://client-1-77f5570c.flowsbiz.com/api/qr:0
[45461986ms] [ERROR] Failed to load resource: the server responded with a status of 401 () @ https://client-1-77f5570c.flowsbiz.com/api/qr:0
[45462969ms] [ERROR] Failed to load resource: the server responded with a status of 401 () @ https://client-1-77f5570c.flowsbiz.com/api/contacts/queue?limit=1:0
[45462969ms] [ERROR] Failed to load resource: the server responded with a status of 401 () @ https://client-1-77f5570c.flowsbiz.com/api/campaign-results:0
[45463960ms] [ERROR] Failed to load resource: the server responded with a status of 401 () @ https://client-1-77f5570c.flowsbiz.com/api/qr:0
[45465965ms] [ERROR] Failed to load resource: the server responded with a status of 401 () @ https://client-1-77f5570c.flowsbiz.com/api/qr:0
[45467963ms] [ERROR] Failed to load resource: the server responded with a status of 401 () @ https://client-1-77f5570c.flowsbiz.com/api/qr:0
[45467964ms] [ERROR] Failed to load resource: the server responded with a status of 401 () @ https://client-1-77f5570c.flowsbiz.com/api/contacts/queue?limit=1:0
[45467964ms] [ERROR] Failed to load resource: the server responded with a status of 401 () @ https://client-1-77f5570c.flowsbiz.com/api/campaign-results:0
[45469984ms] [ERROR] Failed to load resource: the server responded with a status of 401 () @ https://client-1-77f5570c.flowsbiz.com/api/qr:0
[45471981ms] [ERROR] Failed to load resource: the server responded with a status of 401 () @ https://client-1-77f5570c.flowsbiz.com/api/qr:0
[45472977ms] [ERROR] Failed to load resource: the server responded with a status of 401 () @ https://client-1-77f5570c.flowsbiz.com/api/campaign-results:0
[45472977ms] [ERROR] Failed to load resource: the server responded with a status of 401 () @ https://client-1-77f5570c.flowsbiz.com/api/contacts/queue?limit=1:0
[45473995ms] [ERROR] Failed to load resource: the server responded with a status of 401 () @ https://client-1-77f5570c.flowsbiz.com/api/qr:0
[45475978ms] [ERROR] Failed to load resource: the server responded with a status of 401 () @ https://client-1-77f5570c.flowsbiz.com/api/qr:0
[45478007ms] [ERROR] Failed to load resource: the server responded with a status of 401 () @ https://client-1-77f5570c.flowsbiz.com/api/contacts/queue?limit=1:0
[45478007ms] [ERROR] Failed to load resource: the server responded with a status of 401 () @ https://client-1-77f5570c.flowsbiz.com/api/campaign-results:0
[45478008ms] [ERROR] Failed to load resource: the server responded with a status of 401 () @ https://client-1-77f5570c.flowsbiz.com/api/qr:0
[45479967ms] [ERROR] Failed to load resource: the server responded with a status of 401 () @ https://client-1-77f5570c.flowsbiz.com/api/qr:0
[45481989ms] [ERROR] Failed to load resource: the server responded with a status of 401 () @ https://client-1-77f5570c.flowsbiz.com/api/qr:0
[45482981ms] [ERROR] Failed to load resource: the server responded with a status of 401 () @ https://client-1-77f5570c.flowsbiz.com/api/campaign-results:0
[45482981ms] [ERROR] Failed to load resource: the server responded with a status of 401 () @ https://client-1-77f5570c.flowsbiz.com/api/contacts/queue?limit=1:0
[45483998ms] [ERROR] Failed to load resource: the server responded with a status of 401 () @ https://client-1-77f5570c.flowsbiz.com/api/qr:0
[45485983ms] [ERROR] Failed to load resource: the server responded with a status of 401 () @ https://client-1-77f5570c.flowsbiz.com/api/qr:0
[45487988ms] [ERROR] Failed to load resource: the server responded with a status of 401 () @ https://client-1-77f5570c.flowsbiz.com/api/campaign-results:0
[45487989ms] [ERROR] Failed to load resource: the server responded with a status of 401 () @ https://client-1-77f5570c.flowsbiz.com/api/contacts/queue?limit=1:0
[45487989ms] [ERROR] Failed to load resource: the server responded with a status of 401 () @ https://client-1-77f5570c.flowsbiz.com/api/qr:0
[45489971ms] [ERROR] Failed to load resource: the server responded with a status of 401 () @ https://client-1-77f5570c.flowsbiz.com/api/qr:0
[45491990ms] [ERROR] Failed to load resource: the server responded with a status of 401 () @ https://client-1-77f5570c.flowsbiz.com/api/qr:0
[45492987ms] [ERROR] Failed to load resource: the server responded with a status of 401 () @ https://client-1-77f5570c.flowsbiz.com/api/contacts/queue?limit=1:0
[45492987ms] [ERROR] Failed to load resource: the server responded with a status of 401 () @ https://client-1-77f5570c.flowsbiz.com/api/campaign-results:0
[45493970ms] [ERROR] Failed to load resource: the server responded with a status of 401 () @ https://client-1-77f5570c.flowsbiz.com/api/qr:0
[45495970ms] [ERROR] Failed to load resource: the server responded with a status of 401 () @ https://client-1-77f5570c.flowsbiz.com/api/qr:0
[45497963ms] [ERROR] Failed to load resource: the server responded with a status of 401 () @ https://client-1-77f5570c.flowsbiz.com/api/campaign-results:0
[45497964ms] [ERROR] Failed to load resource: the server responded with a status of 401 () @ https://client-1-77f5570c.flowsbiz.com/api/contacts/queue?limit=1:0
[45497964ms] [ERROR] Failed to load resource: the server responded with a status of 401 () @ https://client-1-77f5570c.flowsbiz.com/api/qr:0
[45499980ms] [ERROR] Failed to load resource: the server responded with a status of 401 () @ https://client-1-77f5570c.flowsbiz.com/api/qr:0
[45501978ms] [ERROR] Failed to load resource: the server responded with a status of 401 () @ https://client-1-77f5570c.flowsbiz.com/api/qr:0
[45502985ms] [ERROR] Failed to load resource: the server responded with a status of 401 () @ https://client-1-77f5570c.flowsbiz.com/api/contacts/queue?limit=1:0
[45502985ms] [ERROR] Failed to load resource: the server responded with a status of 401 () @ https://client-1-77f5570c.flowsbiz.com/api/campaign-results:0
[45503987ms] [ERROR] Failed to load resource: the server responded with a status of 401 () @ https://client-1-77f5570c.flowsbiz.com/api/qr:0
[45505998ms] [ERROR] Failed to load resource: the server responded with a status of 401 () @ https://client-1-77f5570c.flowsbiz.com/api/qr:0
[45507962ms] [ERROR] Failed to load resource: the server responded with a status of 401 () @ https://client-1-77f5570c.flowsbiz.com/api/contacts/queue?limit=1:0
[45507963ms] [ERROR] Failed to load resource: the server responded with a status of 401 () @ https://client-1-77f5570c.flowsbiz.com/api/campaign-results:0
[45507963ms] [ERROR] Failed to load resource: the server responded with a status of 401 () @ https://client-1-77f5570c.flowsbiz.com/api/qr:0
[45509964ms] [ERROR] Failed to load resource: the server responded with a status of 401 () @ https://client-1-77f5570c.flowsbiz.com/api/qr:0
[45511966ms] [ERROR] Failed to load resource: the server responded with a status of 401 () @ https://client-1-77f5570c.flowsbiz.com/api/qr:0
[45512965ms] [ERROR] Failed to load resource: the server responded with a status of 401 () @ https://client-1-77f5570c.flowsbiz.com/api/contacts/queue?limit=1:0
[45512966ms] [ERROR] Failed to load resource: the server responded with a status of 401 () @ https://client-1-77f5570c.flowsbiz.com/api/campaign-results:0
[45513959ms] [ERROR] Failed to load resource: the server responded with a status of 401 () @ https://client-1-77f5570c.flowsbiz.com/api/qr:0
[45515977ms] [ERROR] Failed to load resource: the server responded with a status of 401 () @ https://client-1-77f5570c.flowsbiz.com/api/qr:0
[45517960ms] [ERROR] Failed to load resource: the server responded with a status of 401 () @ https://client-1-77f5570c.flowsbiz.com/api/campaign-results:0
[45517960ms] [ERROR] Failed to load resource: the server responded with a status of 401 () @ https://client-1-77f5570c.flowsbiz.com/api/contacts/queue?limit=1:0
[45517960ms] [ERROR] Failed to load resource: the server responded with a status of 401 () @ https://client-1-77f5570c.flowsbiz.com/api/qr:0
[45519981ms] [ERROR] Failed to load resource: the server responded with a status of 401 () @ https://client-1-77f5570c.flowsbiz.com/api/qr:0
[45521973ms] [ERROR] Failed to load resource: the server responded with a status of 401 () @ https://client-1-77f5570c.flowsbiz.com/api/qr:0
[45522963ms] [ERROR] Failed to load resource: the server responded with a status of 401 () @ https://client-1-77f5570c.flowsbiz.com/api/campaign-results:0
[45522963ms] [ERROR] Failed to load resource: the server responded with a status of 401 () @ https://client-1-77f5570c.flowsbiz.com/api/contacts/queue?limit=1:0
[45523971ms] [ERROR] Failed to load resource: the server responded with a status of 401 () @ https://client-1-77f5570c.flowsbiz.com/api/qr:0
[45525964ms] [ERROR] Failed to load resource: the server responded with a status of 401 () @ https://client-1-77f5570c.flowsbiz.com/api/qr:0
[45527969ms] [ERROR] Failed to load resource: the server responded with a status of 401 () @ https://client-1-77f5570c.flowsbiz.com/api/campaign-results:0
[45527970ms] [ERROR] Failed to load resource: the server responded with a status of 401 () @ https://client-1-77f5570c.flowsbiz.com/api/contacts/queue?limit=1:0
[45527970ms] [ERROR] Failed to load resource: the server responded with a status of 401 () @ https://client-1-77f5570c.flowsbiz.com/api/qr:0
[45529972ms] [ERROR] Failed to load resource: the server responded with a status of 401 () @ https://client-1-77f5570c.flowsbiz.com/api/qr:0
[45531972ms] [ERROR] Failed to load resource: the server responded with a status of 401 () @ https://client-1-77f5570c.flowsbiz.com/api/qr:0
[45532982ms] [ERROR] Failed to load resource: the server responded with a status of 401 () @ https://client-1-77f5570c.flowsbiz.com/api/campaign-results:0
[45532982ms] [ERROR] Failed to load resource: the server responded with a status of 401 () @ https://client-1-77f5570c.flowsbiz.com/api/contacts/queue?limit=1:0
[45533987ms] [ERROR] Failed to load resource: the server responded with a status of 401 () @ https://client-1-77f5570c.flowsbiz.com/api/qr:0
[45535962ms] [ERROR] Failed to load resource: the server responded with a status of 401 () @ https://client-1-77f5570c.flowsbiz.com/api/qr:0
[45537965ms] [ERROR] Failed to load resource: the server responded with a status of 401 () @ https://client-1-77f5570c.flowsbiz.com/api/contacts/queue?limit=1:0
[45537965ms] [ERROR] Failed to load resource: the server responded with a status of 401 () @ https://client-1-77f5570c.flowsbiz.com/api/campaign-results:0
[45537965ms] [ERROR] Failed to load resource: the server responded with a status of 401 () @ https://client-1-77f5570c.flowsbiz.com/api/qr:0
[45539968ms] [ERROR] Failed to load resource: the server responded with a status of 401 () @ https://client-1-77f5570c.flowsbiz.com/api/qr:0
[45541969ms] [ERROR] Failed to load resource: the server responded with a status of 401 () @ https://client-1-77f5570c.flowsbiz.com/api/qr:0
[45542975ms] [ERROR] Failed to load resource: the server responded with a status of 401 () @ https://client-1-77f5570c.flowsbiz.com/api/campaign-results:0
[45542975ms] [ERROR] Failed to load resource: the server responded with a status of 401 () @ https://client-1-77f5570c.flowsbiz.com/api/contacts/queue?limit=1:0
[45543965ms] [ERROR] Failed to load resource: the server responded with a status of 401 () @ https://client-1-77f5570c.flowsbiz.com/api/qr:0
[45545966ms] [ERROR] Failed to load resource: the server responded with a status of 401 () @ https://client-1-77f5570c.flowsbiz.com/api/qr:0
[45547960ms] [ERROR] Failed to load resource: the server responded with a status of 401 () @ https://client-1-77f5570c.flowsbiz.com/api/qr:0
[45547960ms] [ERROR] Failed to load resource: the server responded with a status of 401 () @ https://client-1-77f5570c.flowsbiz.com/api/campaign-results:0
[45547960ms] [ERROR] Failed to load resource: the server responded with a status of 401 () @ https://client-1-77f5570c.flowsbiz.com/api/contacts/queue?limit=1:0
[45549965ms] [ERROR] Failed to load resource: the server responded with a status of 401 () @ https://client-1-77f5570c.flowsbiz.com/api/qr:0
[45551957ms] [ERROR] Failed to load resource: the server responded with a status of 401 () @ https://client-1-77f5570c.flowsbiz.com/api/qr:0
[45552982ms] [ERROR] Failed to load resource: the server responded with a status of 401 () @ https://client-1-77f5570c.flowsbiz.com/api/contacts/queue?limit=1:0
[45552982ms] [ERROR] Failed to load resource: the server responded with a status of 401 () @ https://client-1-77f5570c.flowsbiz.com/api/campaign-results:0
[45553967ms] [ERROR] Failed to load resource: the server responded with a status of 401 () @ https://client-1-77f5570c.flowsbiz.com/api/qr:0
[45555962ms] [ERROR] Failed to load resource: the server responded with a status of 401 () @ https://client-1-77f5570c.flowsbiz.com/api/qr:0
[45557970ms] [ERROR] Failed to load resource: the server responded with a status of 401 () @ https://client-1-77f5570c.flowsbiz.com/api/contacts/queue?limit=1:0
[45557970ms] [ERROR] Failed to load resource: the server responded with a status of 401 () @ https://client-1-77f5570c.flowsbiz.com/api/qr:0
[45557973ms] [ERROR] Failed to load resource: the server responded with a status of 401 () @ https://client-1-77f5570c.flowsbiz.com/api/campaign-results:0
[45559979ms] [ERROR] Failed to load resource: the server responded with a status of 401 () @ https://client-1-77f5570c.flowsbiz.com/api/qr:0
[45561971ms] [ERROR] Failed to load resource: the server responded with a status of 401 () @ https://client-1-77f5570c.flowsbiz.com/api/qr:0
[45562970ms] [ERROR] Failed to load resource: the server responded with a status of 401 () @ https://client-1-77f5570c.flowsbiz.com/api/campaign-results:0
[45562970ms] [ERROR] Failed to load resource: the server responded with a status of 401 () @ https://client-1-77f5570c.flowsbiz.com/api/contacts/queue?limit=1:0
[45563971ms] [ERROR] Failed to load resource: the server responded with a status of 401 () @ https://client-1-77f5570c.flowsbiz.com/api/qr:0
[45565967ms] [ERROR] Failed to load resource: the server responded with a status of 401 () @ https://client-1-77f5570c.flowsbiz.com/api/qr:0
[45567983ms] [ERROR] Failed to load resource: the server responded with a status of 401 () @ https://client-1-77f5570c.flowsbiz.com/api/contacts/queue?limit=1:0
[45567984ms] [ERROR] Failed to load resource: the server responded with a status of 401 () @ https://client-1-77f5570c.flowsbiz.com/api/qr:0
[45567984ms] [ERROR] Failed to load resource: the server responded with a status of 401 () @ https://client-1-77f5570c.flowsbiz.com/api/campaign-results:0
[45569964ms] [ERROR] Failed to load resource: the server responded with a status of 401 () @ https://client-1-77f5570c.flowsbiz.com/api/qr:0
[45571971ms] [ERROR] Failed to load resource: the server responded with a status of 401 () @ https://client-1-77f5570c.flowsbiz.com/api/qr:0
[45572981ms] [ERROR] Failed to load resource: the server responded with a status of 401 () @ https://client-1-77f5570c.flowsbiz.com/api/campaign-results:0
[45572981ms] [ERROR] Failed to load resource: the server responded with a status of 401 () @ https://client-1-77f5570c.flowsbiz.com/api/contacts/queue?limit=1:0
[45573983ms] [ERROR] Failed to load resource: the server responded with a status of 401 () @ https://client-1-77f5570c.flowsbiz.com/api/qr:0
[45575961ms] [ERROR] Failed to load resource: the server responded with a status of 401 () @ https://client-1-77f5570c.flowsbiz.com/api/qr:0
[45577973ms] [ERROR] Failed to load resource: the server responded with a status of 401 () @ https://client-1-77f5570c.flowsbiz.com/api/campaign-results:0
[45577973ms] [ERROR] Failed to load resource: the server responded with a status of 401 () @ https://client-1-77f5570c.flowsbiz.com/api/contacts/queue?limit=1:0
[45577973ms] [ERROR] Failed to load resource: the server responded with a status of 401 () @ https://client-1-77f5570c.flowsbiz.com/api/qr:0
[45579960ms] [ERROR] Failed to load resource: the server responded with a status of 401 () @ https://client-1-77f5570c.flowsbiz.com/api/qr:0
[45581982ms] [ERROR] Failed to load resource: the server responded with a status of 401 () @ https://client-1-77f5570c.flowsbiz.com/api/qr:0
[45582962ms] [ERROR] Failed to load resource: the server responded with a status of 401 () @ https://client-1-77f5570c.flowsbiz.com/api/contacts/queue?limit=1:0
[45582962ms] [ERROR] Failed to load resource: the server responded with a status of 401 () @ https://client-1-77f5570c.flowsbiz.com/api/campaign-results:0
[45583956ms] [ERROR] Failed to load resource: the server responded with a status of 401 () @ https://client-1-77f5570c.flowsbiz.com/api/qr:0
[45585963ms] [ERROR] Failed to load resource: the server responded with a status of 401 () @ https://client-1-77f5570c.flowsbiz.com/api/qr:0
[45587964ms] [ERROR] Failed to load resource: the server responded with a status of 401 () @ https://client-1-77f5570c.flowsbiz.com/api/campaign-results:0
[45587964ms] [ERROR] Failed to load resource: the server responded with a status of 401 () @ https://client-1-77f5570c.flowsbiz.com/api/qr:0
[45587964ms] [ERROR] Failed to load resource: the server responded with a status of 401 () @ https://client-1-77f5570c.flowsbiz.com/api/contacts/queue?limit=1:0
[45589964ms] [ERROR] Failed to load resource: the server responded with a status of 401 () @ https://client-1-77f5570c.flowsbiz.com/api/qr:0
[45591971ms] [ERROR] Failed to load resource: the server responded with a status of 401 () @ https://client-1-77f5570c.flowsbiz.com/api/qr:0
[45592958ms] [ERROR] Failed to load resource: the server responded with a status of 401 () @ https://client-1-77f5570c.flowsbiz.com/api/contacts/queue?limit=1:0
[45592959ms] [ERROR] Failed to load resource: the server responded with a status of 401 () @ https://client-1-77f5570c.flowsbiz.com/api/campaign-results:0
[45593964ms] [ERROR] Failed to load resource: the server responded with a status of 401 () @ https://client-1-77f5570c.flowsbiz.com/api/qr:0
[45595960ms] [ERROR] Failed to load resource: the server responded with a status of 401 () @ https://client-1-77f5570c.flowsbiz.com/api/qr:0
[45597961ms] [ERROR] Failed to load resource: the server responded with a status of 401 () @ https://client-1-77f5570c.flowsbiz.com/api/qr:0
[45597961ms] [ERROR] Failed to load resource: the server responded with a status of 401 () @ https://client-1-77f5570c.flowsbiz.com/api/contacts/queue?limit=1:0
[45597962ms] [ERROR] Failed to load resource: the server responded with a status of 401 () @ https://client-1-77f5570c.flowsbiz.com/api/campaign-results:0
[45599967ms] [ERROR] Failed to load resource: the server responded with a status of 401 () @ https://client-1-77f5570c.flowsbiz.com/api/qr:0
[45601960ms] [ERROR] Failed to load resource: the server responded with a status of 401 () @ https://client-1-77f5570c.flowsbiz.com/api/qr:0
[45602962ms] [ERROR] Failed to load resource: the server responded with a status of 401 () @ https://client-1-77f5570c.flowsbiz.com/api/contacts/queue?limit=1:0
[45602962ms] [ERROR] Failed to load resource: the server responded with a status of 401 () @ https://client-1-77f5570c.flowsbiz.com/api/campaign-results:0
[45603973ms] [ERROR] Failed to load resource: the server responded with a status of 401 () @ https://client-1-77f5570c.flowsbiz.com/api/qr:0
[45605962ms] [ERROR] Failed to load resource: the server responded with a status of 401 () @ https://client-1-77f5570c.flowsbiz.com/api/qr:0
[45607961ms] [ERROR] Failed to load resource: the server responded with a status of 401 () @ https://client-1-77f5570c.flowsbiz.com/api/campaign-results:0
[45607964ms] [ERROR] Failed to load resource: the server responded with a status of 401 () @ https://client-1-77f5570c.flowsbiz.com/api/contacts/queue?limit=1:0
[45607964ms] [ERROR] Failed to load resource: the server responded with a status of 401 () @ https://client-1-77f5570c.flowsbiz.com/api/qr:0
[45609962ms] [ERROR] Failed to load resource: the server responded with a status of 401 () @ https://client-1-77f5570c.flowsbiz.com/api/qr:0
[45611990ms] [ERROR] Failed to load resource: the server responded with a status of 401 () @ https://client-1-77f5570c.flowsbiz.com/api/qr:0
[45612975ms] [ERROR] Failed to load resource: the server responded with a status of 401 () @ https://client-1-77f5570c.flowsbiz.com/api/campaign-results:0
[45612976ms] [ERROR] Failed to load resource: the server responded with a status of 401 () @ https://client-1-77f5570c.flowsbiz.com/api/contacts/queue?limit=1:0
[45613966ms] [ERROR] Failed to load resource: the server responded with a status of 401 () @ https://client-1-77f5570c.flowsbiz.com/api/qr:0
[45615956ms] [ERROR] Failed to load resource: the server responded with a status of 401 () @ https://client-1-77f5570c.flowsbiz.com/api/qr:0
[45617966ms] [ERROR] Failed to load resource: the server responded with a status of 401 () @ https://client-1-77f5570c.flowsbiz.com/api/campaign-results:0
[45617967ms] [ERROR] Failed to load resource: the server responded with a status of 401 () @ https://client-1-77f5570c.flowsbiz.com/api/contacts/queue?limit=1:0
[45617967ms] [ERROR] Failed to load resource: the server responded with a status of 401 () @ https://client-1-77f5570c.flowsbiz.com/api/qr:0
[45619959ms] [ERROR] Failed to load resource: the server responded with a status of 401 () @ https://client-1-77f5570c.flowsbiz.com/api/qr:0
[45621958ms] [ERROR] Failed to load resource: the server responded with a status of 401 () @ https://client-1-77f5570c.flowsbiz.com/api/qr:0
[45622961ms] [ERROR] Failed to load resource: the server responded with a status of 401 () @ https://client-1-77f5570c.flowsbiz.com/api/contacts/queue?limit=1:0
[45622964ms] [ERROR] Failed to load resource: the server responded with a status of 401 () @ https://client-1-77f5570c.flowsbiz.com/api/campaign-results:0
[45623968ms] [ERROR] Failed to load resource: the server responded with a status of 401 () @ https://client-1-77f5570c.flowsbiz.com/api/qr:0
[45625962ms] [ERROR] Failed to load resource: the server responded with a status of 401 () @ https://client-1-77f5570c.flowsbiz.com/api/qr:0
[45627960ms] [ERROR] Failed to load resource: the server responded with a status of 401 () @ https://client-1-77f5570c.flowsbiz.com/api/campaign-results:0
[45627960ms] [ERROR] Failed to load resource: the server responded with a status of 401 () @ https://client-1-77f5570c.flowsbiz.com/api/contacts/queue?limit=1:0
[45627960ms] [ERROR] Failed to load resource: the server responded with a status of 401 () @ https://client-1-77f5570c.flowsbiz.com/api/qr:0
[45629964ms] [ERROR] Failed to load resource: the server responded with a status of 401 () @ https://client-1-77f5570c.flowsbiz.com/api/qr:0
[45631970ms] [ERROR] Failed to load resource: the server responded with a status of 401 () @ https://client-1-77f5570c.flowsbiz.com/api/qr:0
[45632959ms] [ERROR] Failed to load resource: the server responded with a status of 401 () @ https://client-1-77f5570c.flowsbiz.com/api/contacts/queue?limit=1:0
[45632959ms] [ERROR] Failed to load resource: the server responded with a status of 401 () @ https://client-1-77f5570c.flowsbiz.com/api/campaign-results:0
[45633960ms] [ERROR] Failed to load resource: the server responded with a status of 401 () @ https://client-1-77f5570c.flowsbiz.com/api/qr:0
[45635957ms] [ERROR] Failed to load resource: the server responded with a status of 401 () @ https://client-1-77f5570c.flowsbiz.com/api/qr:0
[45637973ms] [ERROR] Failed to load resource: the server responded with a status of 401 () @ https://client-1-77f5570c.flowsbiz.com/api/contacts/queue?limit=1:0
[45637977ms] [ERROR] Failed to load resource: the server responded with a status of 401 () @ https://client-1-77f5570c.flowsbiz.com/api/qr:0
[45637977ms] [ERROR] Failed to load resource: the server responded with a status of 401 () @ https://client-1-77f5570c.flowsbiz.com/api/campaign-results:0
[45639966ms] [ERROR] Failed to load resource: the server responded with a status of 401 () @ https://client-1-77f5570c.flowsbiz.com/api/qr:0
[45641963ms] [ERROR] Failed to load resource: the server responded with a status of 401 () @ https://client-1-77f5570c.flowsbiz.com/api/qr:0
[45642960ms] [ERROR] Failed to load resource: the server responded with a status of 401 () @ https://client-1-77f5570c.flowsbiz.com/api/contacts/queue?limit=1:0
[45642961ms] [ERROR] Failed to load resource: the server responded with a status of 401 () @ https://client-1-77f5570c.flowsbiz.com/api/campaign-results:0
[45643964ms] [ERROR] Failed to load resource: the server responded with a status of 401 () @ https://client-1-77f5570c.flowsbiz.com/api/qr:0
[45645972ms] [ERROR] Failed to load resource: the server responded with a status of 401 () @ https://client-1-77f5570c.flowsbiz.com/api/qr:0
[45647964ms] [ERROR] Failed to load resource: the server responded with a status of 401 () @ https://client-1-77f5570c.flowsbiz.com/api/campaign-results:0
[45647964ms] [ERROR] Failed to load resource: the server responded with a status of 401 () @ https://client-1-77f5570c.flowsbiz.com/api/qr:0
[45647967ms] [ERROR] Failed to load resource: the server responded with a status of 401 () @ https://client-1-77f5570c.flowsbiz.com/api/contacts/queue?limit=1:0
[45649971ms] [ERROR] Failed to load resource: the server responded with a status of 401 () @ https://client-1-77f5570c.flowsbiz.com/api/qr:0
[45651978ms] [ERROR] Failed to load resource: the server responded with a status of 401 () @ https://client-1-77f5570c.flowsbiz.com/api/qr:0
[45652970ms] [ERROR] Failed to load resource: the server responded with a status of 401 () @ https://client-1-77f5570c.flowsbiz.com/api/contacts/queue?limit=1:0
[45652970ms] [ERROR] Failed to load resource: the server responded with a status of 401 () @ https://client-1-77f5570c.flowsbiz.com/api/campaign-results:0
[45653970ms] [ERROR] Failed to load resource: the server responded with a status of 401 () @ https://client-1-77f5570c.flowsbiz.com/api/qr:0
[45655963ms] [ERROR] Failed to load resource: the server responded with a status of 401 () @ https://client-1-77f5570c.flowsbiz.com/api/qr:0
[45657965ms] [ERROR] Failed to load resource: the server responded with a status of 401 () @ https://client-1-77f5570c.flowsbiz.com/api/contacts/queue?limit=1:0
[45657966ms] [ERROR] Failed to load resource: the server responded with a status of 401 () @ https://client-1-77f5570c.flowsbiz.com/api/campaign-results:0
[45657971ms] [ERROR] Failed to load resource: the server responded with a status of 401 () @ https://client-1-77f5570c.flowsbiz.com/api/qr:0
[45659976ms] [ERROR] Failed to load resource: the server responded with a status of 401 () @ https://client-1-77f5570c.flowsbiz.com/api/qr:0
[45661986ms] [ERROR] Failed to load resource: the server responded with a status of 401 () @ https://client-1-77f5570c.flowsbiz.com/api/qr:0
[45662970ms] [ERROR] Failed to load resource: the server responded with a status of 401 () @ https://client-1-77f5570c.flowsbiz.com/api/contacts/queue?limit=1:0
[45662970ms] [ERROR] Failed to load resource: the server responded with a status of 401 () @ https://client-1-77f5570c.flowsbiz.com/api/campaign-results:0
[45663990ms] [ERROR] Failed to load resource: the server responded with a status of 401 () @ https://client-1-77f5570c.flowsbiz.com/api/qr:0
[45665971ms] [ERROR] Failed to load resource: the server responded with a status of 401 () @ https://client-1-77f5570c.flowsbiz.com/api/qr:0
[45667956ms] [ERROR] Failed to load resource: the server responded with a status of 401 () @ https://client-1-77f5570c.flowsbiz.com/api/qr:0
[45667959ms] [ERROR] Failed to load resource: the server responded with a status of 401 () @ https://client-1-77f5570c.flowsbiz.com/api/campaign-results:0
[45667960ms] [ERROR] Failed to load resource: the server responded with a status of 401 () @ https://client-1-77f5570c.flowsbiz.com/api/contacts/queue?limit=1:0
[45669975ms] [ERROR] Failed to load resource: the server responded with a status of 401 () @ https://client-1-77f5570c.flowsbiz.com/api/qr:0
[45671965ms] [ERROR] Failed to load resource: the server responded with a status of 401 () @ https://client-1-77f5570c.flowsbiz.com/api/qr:0
[45672980ms] [ERROR] Failed to load resource: the server responded with a status of 401 () @ https://client-1-77f5570c.flowsbiz.com/api/campaign-results:0
[45672981ms] [ERROR] Failed to load resource: the server responded with a status of 401 () @ https://client-1-77f5570c.flowsbiz.com/api/contacts/queue?limit=1:0
[45673959ms] [ERROR] Failed to load resource: the server responded with a status of 401 () @ https://client-1-77f5570c.flowsbiz.com/api/qr:0
[45675970ms] [ERROR] Failed to load resource: the server responded with a status of 401 () @ https://client-1-77f5570c.flowsbiz.com/api/qr:0
[45677988ms] [ERROR] Failed to load resource: the server responded with a status of 401 () @ https://client-1-77f5570c.flowsbiz.com/api/contacts/queue?limit=1:0
[45677989ms] [ERROR] Failed to load resource: the server responded with a status of 401 () @ https://client-1-77f5570c.flowsbiz.com/api/campaign-results:0
[45677989ms] [ERROR] Failed to load resource: the server responded with a status of 401 () @ https://client-1-77f5570c.flowsbiz.com/api/qr:0
[45679962ms] [ERROR] Failed to load resource: the server responded with a status of 401 () @ https://client-1-77f5570c.flowsbiz.com/api/qr:0
[45681971ms] [ERROR] Failed to load resource: the server responded with a status of 401 () @ https://client-1-77f5570c.flowsbiz.com/api/qr:0
[45682958ms] [ERROR] Failed to load resource: the server responded with a status of 401 () @ https://client-1-77f5570c.flowsbiz.com/api/campaign-results:0
[45682958ms] [ERROR] Failed to load resource: the server responded with a status of 401 () @ https://client-1-77f5570c.flowsbiz.com/api/contacts/queue?limit=1:0
[45683967ms] [ERROR] Failed to load resource: the server responded with a status of 401 () @ https://client-1-77f5570c.flowsbiz.com/api/qr:0
[45685964ms] [ERROR] Failed to load resource: the server responded with a status of 401 () @ https://client-1-77f5570c.flowsbiz.com/api/qr:0
[45687965ms] [ERROR] Failed to load resource: the server responded with a status of 401 () @ https://client-1-77f5570c.flowsbiz.com/api/contacts/queue?limit=1:0
[45687969ms] [ERROR] Failed to load resource: the server responded with a status of 401 () @ https://client-1-77f5570c.flowsbiz.com/api/campaign-results:0
[45687970ms] [ERROR] Failed to load resource: the server responded with a status of 401 () @ https://client-1-77f5570c.flowsbiz.com/api/qr:0
[45689967ms] [ERROR] Failed to load resource: the server responded with a status of 401 () @ https://client-1-77f5570c.flowsbiz.com/api/qr:0
[45691955ms] [ERROR] Failed to load resource: the server responded with a status of 401 () @ https://client-1-77f5570c.flowsbiz.com/api/qr:0
[45692958ms] [ERROR] Failed to load resource: the server responded with a status of 401 () @ https://client-1-77f5570c.flowsbiz.com/api/contacts/queue?limit=1:0
[45692958ms] [ERROR] Failed to load resource: the server responded with a status of 401 () @ https://client-1-77f5570c.flowsbiz.com/api/campaign-results:0
[45693961ms] [ERROR] Failed to load resource: the server responded with a status of 401 () @ https://client-1-77f5570c.flowsbiz.com/api/qr:0
[45695961ms] [ERROR] Failed to load resource: the server responded with a status of 401 () @ https://client-1-77f5570c.flowsbiz.com/api/qr:0
[45697958ms] [ERROR] Failed to load resource: the server responded with a status of 401 () @ https://client-1-77f5570c.flowsbiz.com/api/contacts/queue?limit=1:0
[45697973ms] [ERROR] Failed to load resource: the server responded with a status of 401 () @ https://client-1-77f5570c.flowsbiz.com/api/campaign-results:0
[45697974ms] [ERROR] Failed to load resource: the server responded with a status of 401 () @ https://client-1-77f5570c.flowsbiz.com/api/qr:0
[45700016ms] [ERROR] Failed to load resource: the server responded with a status of 401 () @ https://client-1-77f5570c.flowsbiz.com/api/qr:0
[45701959ms] [ERROR] Failed to load resource: the server responded with a status of 401 () @ https://client-1-77f5570c.flowsbiz.com/api/qr:0
[45702957ms] [ERROR] Failed to load resource: the server responded with a status of 401 () @ https://client-1-77f5570c.flowsbiz.com/api/campaign-results:0
[45702957ms] [ERROR] Failed to load resource: the server responded with a status of 401 () @ https://client-1-77f5570c.flowsbiz.com/api/contacts/queue?limit=1:0
[45703964ms] [ERROR] Failed to load resource: the server responded with a status of 401 () @ https://client-1-77f5570c.flowsbiz.com/api/qr:0
[45705958ms] [ERROR] Failed to load resource: the server responded with a status of 401 () @ https://client-1-77f5570c.flowsbiz.com/api/qr:0
[45707961ms] [ERROR] Failed to load resource: the server responded with a status of 401 () @ https://client-1-77f5570c.flowsbiz.com/api/contacts/queue?limit=1:0
[45707963ms] [ERROR] Failed to load resource: the server responded with a status of 401 () @ https://client-1-77f5570c.flowsbiz.com/api/qr:0
[45707963ms] [ERROR] Failed to load resource: the server responded with a status of 401 () @ https://client-1-77f5570c.flowsbiz.com/api/campaign-results:0
[45709959ms] [ERROR] Failed to load resource: the server responded with a status of 401 () @ https://client-1-77f5570c.flowsbiz.com/api/qr:0
[45711960ms] [ERROR] Failed to load resource: the server responded with a status of 401 () @ https://client-1-77f5570c.flowsbiz.com/api/qr:0
[45712966ms] [ERROR] Failed to load resource: the server responded with a status of 401 () @ https://client-1-77f5570c.flowsbiz.com/api/campaign-results:0
[45712966ms] [ERROR] Failed to load resource: the server responded with a status of 401 () @ https://client-1-77f5570c.flowsbiz.com/api/contacts/queue?limit=1:0
[45713964ms] [ERROR] Failed to load resource: the server responded with a status of 401 () @ https://client-1-77f5570c.flowsbiz.com/api/qr:0
[45715963ms] [ERROR] Failed to load resource: the server responded with a status of 401 () @ https://client-1-77f5570c.flowsbiz.com/api/qr:0
[45717961ms] [ERROR] Failed to load resource: the server responded with a status of 401 () @ https://client-1-77f5570c.flowsbiz.com/api/contacts/queue?limit=1:0
[45717963ms] [ERROR] Failed to load resource: the server responded with a status of 401 () @ https://client-1-77f5570c.flowsbiz.com/api/campaign-results:0
[45717963ms] [ERROR] Failed to load resource: the server responded with a status of 401 () @ https://client-1-77f5570c.flowsbiz.com/api/qr:0
[45719970ms] [ERROR] Failed to load resource: the server responded with a status of 401 () @ https://client-1-77f5570c.flowsbiz.com/api/qr:0
[45721960ms] [ERROR] Failed to load resource: the server responded with a status of 401 () @ https://client-1-77f5570c.flowsbiz.com/api/qr:0
[45722967ms] [ERROR] Failed to load resource: the server responded with a status of 401 () @ https://client-1-77f5570c.flowsbiz.com/api/contacts/queue?limit=1:0
[45722967ms] [ERROR] Failed to load resource: the server responded with a status of 401 () @ https://client-1-77f5570c.flowsbiz.com/api/campaign-results:0
[45723975ms] [ERROR] Failed to load resource: the server responded with a status of 401 () @ https://client-1-77f5570c.flowsbiz.com/api/qr:0
[45725967ms] [ERROR] Failed to load resource: the server responded with a status of 401 () @ https://client-1-77f5570c.flowsbiz.com/api/qr:0
[45727971ms] [ERROR] Failed to load resource: the server responded with a status of 401 () @ https://client-1-77f5570c.flowsbiz.com/api/contacts/queue?limit=1:0
[45727972ms] [ERROR] Failed to load resource: the server responded with a status of 401 () @ https://client-1-77f5570c.flowsbiz.com/api/campaign-results:0
[45727972ms] [ERROR] Failed to load resource: the server responded with a status of 401 () @ https://client-1-77f5570c.flowsbiz.com/api/qr:0
[45729968ms] [ERROR] Failed to load resource: the server responded with a status of 401 () @ https://client-1-77f5570c.flowsbiz.com/api/qr:0
[45731957ms] [ERROR] Failed to load resource: the server responded with a status of 401 () @ https://client-1-77f5570c.flowsbiz.com/api/qr:0
[45732976ms] [ERROR] Failed to load resource: the server responded with a status of 401 () @ https://client-1-77f5570c.flowsbiz.com/api/contacts/queue?limit=1:0
[45732976ms] [ERROR] Failed to load resource: the server responded with a status of 401 () @ https://client-1-77f5570c.flowsbiz.com/api/campaign-results:0
[45733964ms] [ERROR] Failed to load resource: the server responded with a status of 401 () @ https://client-1-77f5570c.flowsbiz.com/api/qr:0
[45735969ms] [ERROR] Failed to load resource: the server responded with a status of 401 () @ https://client-1-77f5570c.flowsbiz.com/api/qr:0
[45737983ms] [ERROR] Failed to load resource: the server responded with a status of 401 () @ https://client-1-77f5570c.flowsbiz.com/api/contacts/queue?limit=1:0
[45737984ms] [ERROR] Failed to load resource: the server responded with a status of 401 () @ https://client-1-77f5570c.flowsbiz.com/api/qr:0
[45737984ms] [ERROR] Failed to load resource: the server responded with a status of 401 () @ https://client-1-77f5570c.flowsbiz.com/api/campaign-results:0
[45739971ms] [ERROR] Failed to load resource: the server responded with a status of 401 () @ https://client-1-77f5570c.flowsbiz.com/api/qr:0
[45741963ms] [ERROR] Failed to load resource: the server responded with a status of 401 () @ https://client-1-77f5570c.flowsbiz.com/api/qr:0
[45742968ms] [ERROR] Failed to load resource: the server responded with a status of 401 () @ https://client-1-77f5570c.flowsbiz.com/api/contacts/queue?limit=1:0
[45742968ms] [ERROR] Failed to load resource: the server responded with a status of 401 () @ https://client-1-77f5570c.flowsbiz.com/api/campaign-results:0
[45743969ms] [ERROR] Failed to load resource: the server responded with a status of 401 () @ https://client-1-77f5570c.flowsbiz.com/api/qr:0
[45745968ms] [ERROR] Failed to load resource: the server responded with a status of 401 () @ https://client-1-77f5570c.flowsbiz.com/api/qr:0
[45747959ms] [ERROR] Failed to load resource: the server responded with a status of 401 () @ https://client-1-77f5570c.flowsbiz.com/api/campaign-results:0
[45747959ms] [ERROR] Failed to load resource: the server responded with a status of 401 () @ https://client-1-77f5570c.flowsbiz.com/api/contacts/queue?limit=1:0
[45747959ms] [ERROR] Failed to load resource: the server responded with a status of 401 () @ https://client-1-77f5570c.flowsbiz.com/api/qr:0
[45749986ms] [ERROR] Failed to load resource: the server responded with a status of 401 () @ https://client-1-77f5570c.flowsbiz.com/api/qr:0
[45751980ms] [ERROR] Failed to load resource: the server responded with a status of 401 () @ https://client-1-77f5570c.flowsbiz.com/api/qr:0
[45752994ms] [ERROR] Failed to load resource: the server responded with a status of 401 () @ https://client-1-77f5570c.flowsbiz.com/api/campaign-results:0
[45752995ms] [ERROR] Failed to load resource: the server responded with a status of 401 () @ https://client-1-77f5570c.flowsbiz.com/api/contacts/queue?limit=1:0
[45753984ms] [ERROR] Failed to load resource: the server responded with a status of 401 () @ https://client-1-77f5570c.flowsbiz.com/api/qr:0
[45755967ms] [ERROR] Failed to load resource: the server responded with a status of 401 () @ https://client-1-77f5570c.flowsbiz.com/api/qr:0
[45757956ms] [ERROR] Failed to load resource: the server responded with a status of 401 () @ https://client-1-77f5570c.flowsbiz.com/api/contacts/queue?limit=1:0
[45757957ms] [ERROR] Failed to load resource: the server responded with a status of 401 () @ https://client-1-77f5570c.flowsbiz.com/api/qr:0
[45757957ms] [ERROR] Failed to load resource: the server responded with a status of 401 () @ https://client-1-77f5570c.flowsbiz.com/api/campaign-results:0
[45759965ms] [ERROR] Failed to load resource: the server responded with a status of 401 () @ https://client-1-77f5570c.flowsbiz.com/api/qr:0
[45761956ms] [ERROR] Failed to load resource: the server responded with a status of 401 () @ https://client-1-77f5570c.flowsbiz.com/api/qr:0
[45762962ms] [ERROR] Failed to load resource: the server responded with a status of 401 () @ https://client-1-77f5570c.flowsbiz.com/api/contacts/queue?limit=1:0
[45762963ms] [ERROR] Failed to load resource: the server responded with a status of 401 () @ https://client-1-77f5570c.flowsbiz.com/api/campaign-results:0
[45763967ms] [ERROR] Failed to load resource: the server responded with a status of 401 () @ https://client-1-77f5570c.flowsbiz.com/api/qr:0
[45765961ms] [ERROR] Failed to load resource: the server responded with a status of 401 () @ https://client-1-77f5570c.flowsbiz.com/api/qr:0
[45767979ms] [ERROR] Failed to load resource: the server responded with a status of 401 () @ https://client-1-77f5570c.flowsbiz.com/api/campaign-results:0
[45767979ms] [ERROR] Failed to load resource: the server responded with a status of 401 () @ https://client-1-77f5570c.flowsbiz.com/api/qr:0
[45767980ms] [ERROR] Failed to load resource: the server responded with a status of 401 () @ https://client-1-77f5570c.flowsbiz.com/api/contacts/queue?limit=1:0
[45769970ms] [ERROR] Failed to load resource: the server responded with a status of 401 () @ https://client-1-77f5570c.flowsbiz.com/api/qr:0
[45771965ms] [ERROR] Failed to load resource: the server responded with a status of 401 () @ https://client-1-77f5570c.flowsbiz.com/api/qr:0
[45772971ms] [ERROR] Failed to load resource: the server responded with a status of 401 () @ https://client-1-77f5570c.flowsbiz.com/api/contacts/queue?limit=1:0
[45772971ms] [ERROR] Failed to load resource: the server responded with a status of 401 () @ https://client-1-77f5570c.flowsbiz.com/api/campaign-results:0
[45773968ms] [ERROR] Failed to load resource: the server responded with a status of 401 () @ https://client-1-77f5570c.flowsbiz.com/api/qr:0
[45775957ms] [ERROR] Failed to load resource: the server responded with a status of 401 () @ https://client-1-77f5570c.flowsbiz.com/api/qr:0
[45777964ms] [ERROR] Failed to load resource: the server responded with a status of 401 () @ https://client-1-77f5570c.flowsbiz.com/api/contacts/queue?limit=1:0
[45777965ms] [ERROR] Failed to load resource: the server responded with a status of 401 () @ https://client-1-77f5570c.flowsbiz.com/api/campaign-results:0
[45777965ms] [ERROR] Failed to load resource: the server responded with a status of 401 () @ https://client-1-77f5570c.flowsbiz.com/api/qr:0
[45779980ms] [ERROR] Failed to load resource: the server responded with a status of 401 () @ https://client-1-77f5570c.flowsbiz.com/api/qr:0
[45781961ms] [ERROR] Failed to load resource: the server responded with a status of 401 () @ https://client-1-77f5570c.flowsbiz.com/api/qr:0
[45782971ms] [ERROR] Failed to load resource: the server responded with a status of 401 () @ https://client-1-77f5570c.flowsbiz.com/api/campaign-results:0
[45782971ms] [ERROR] Failed to load resource: the server responded with a status of 401 () @ https://client-1-77f5570c.flowsbiz.com/api/contacts/queue?limit=1:0
[45783976ms] [ERROR] Failed to load resource: the server responded with a status of 401 () @ https://client-1-77f5570c.flowsbiz.com/api/qr:0
[45785972ms] [ERROR] Failed to load resource: the server responded with a status of 401 () @ https://client-1-77f5570c.flowsbiz.com/api/qr:0
[45787967ms] [ERROR] Failed to load resource: the server responded with a status of 401 () @ https://client-1-77f5570c.flowsbiz.com/api/contacts/queue?limit=1:0
[45787967ms] [ERROR] Failed to load resource: the server responded with a status of 401 () @ https://client-1-77f5570c.flowsbiz.com/api/campaign-results:0
[45787967ms] [ERROR] Failed to load resource: the server responded with a status of 401 () @ https://client-1-77f5570c.flowsbiz.com/api/qr:0
[45789986ms] [ERROR] Failed to load resource: the server responded with a status of 401 () @ https://client-1-77f5570c.flowsbiz.com/api/qr:0
[45791969ms] [ERROR] Failed to load resource: the server responded with a status of 401 () @ https://client-1-77f5570c.flowsbiz.com/api/qr:0
[45792965ms] [ERROR] Failed to load resource: the server responded with a status of 401 () @ https://client-1-77f5570c.flowsbiz.com/api/contacts/queue?limit=1:0
[45792967ms] [ERROR] Failed to load resource: the server responded with a status of 401 () @ https://client-1-77f5570c.flowsbiz.com/api/campaign-results:0
[45793958ms] [ERROR] Failed to load resource: the server responded with a status of 401 () @ https://client-1-77f5570c.flowsbiz.com/api/qr:0
[45795974ms] [ERROR] Failed to load resource: the server responded with a status of 401 () @ https://client-1-77f5570c.flowsbiz.com/api/qr:0
[45797983ms] [ERROR] Failed to load resource: the server responded with a status of 401 () @ https://client-1-77f5570c.flowsbiz.com/api/contacts/queue?limit=1:0
[45797983ms] [ERROR] Failed to load resource: the server responded with a status of 401 () @ https://client-1-77f5570c.flowsbiz.com/api/campaign-results:0
[45797983ms] [ERROR] Failed to load resource: the server responded with a status of 401 () @ https://client-1-77f5570c.flowsbiz.com/api/qr:0
[45800001ms] [ERROR] Failed to load resource: the server responded with a status of 401 () @ https://client-1-77f5570c.flowsbiz.com/api/qr:0
[45801973ms] [ERROR] Failed to load resource: the server responded with a status of 401 () @ https://client-1-77f5570c.flowsbiz.com/api/qr:0
[45802959ms] [ERROR] Failed to load resource: the server responded with a status of 401 () @ https://client-1-77f5570c.flowsbiz.com/api/contacts/queue?limit=1:0
[45802959ms] [ERROR] Failed to load resource: the server responded with a status of 401 () @ https://client-1-77f5570c.flowsbiz.com/api/campaign-results:0
[45803970ms] [ERROR] Failed to load resource: the server responded with a status of 401 () @ https://client-1-77f5570c.flowsbiz.com/api/qr:0
[45805955ms] [ERROR] Failed to load resource: the server responded with a status of 401 () @ https://client-1-77f5570c.flowsbiz.com/api/qr:0
[45807969ms] [ERROR] Failed to load resource: the server responded with a status of 401 () @ https://client-1-77f5570c.flowsbiz.com/api/campaign-results:0
[45807969ms] [ERROR] Failed to load resource: the server responded with a status of 401 () @ https://client-1-77f5570c.flowsbiz.com/api/qr:0
[45807969ms] [ERROR] Failed to load resource: the server responded with a status of 401 () @ https://client-1-77f5570c.flowsbiz.com/api/contacts/queue?limit=1:0
[45809984ms] [ERROR] Failed to load resource: the server responded with a status of 401 () @ https://client-1-77f5570c.flowsbiz.com/api/qr:0
[45811955ms] [ERROR] Failed to load resource: the server responded with a status of 401 () @ https://client-1-77f5570c.flowsbiz.com/api/qr:0
[45812982ms] [ERROR] Failed to load resource: the server responded with a status of 401 () @ https://client-1-77f5570c.flowsbiz.com/api/campaign-results:0
[45812982ms] [ERROR] Failed to load resource: the server responded with a status of 401 () @ https://client-1-77f5570c.flowsbiz.com/api/contacts/queue?limit=1:0
[45813980ms] [ERROR] Failed to load resource: the server responded with a status of 401 () @ https://client-1-77f5570c.flowsbiz.com/api/qr:0
[45815976ms] [ERROR] Failed to load resource: the server responded with a status of 401 () @ https://client-1-77f5570c.flowsbiz.com/api/qr:0
[45817957ms] [ERROR] Failed to load resource: the server responded with a status of 401 () @ https://client-1-77f5570c.flowsbiz.com/api/contacts/queue?limit=1:0
[45817958ms] [ERROR] Failed to load resource: the server responded with a status of 401 () @ https://client-1-77f5570c.flowsbiz.com/api/campaign-results:0
[45817958ms] [ERROR] Failed to load resource: the server responded with a status of 401 () @ https://client-1-77f5570c.flowsbiz.com/api/qr:0
[45819974ms] [ERROR] Failed to load resource: the server responded with a status of 401 () @ https://client-1-77f5570c.flowsbiz.com/api/qr:0
[45821972ms] [ERROR] Failed to load resource: the server responded with a status of 401 () @ https://client-1-77f5570c.flowsbiz.com/api/qr:0
[45822975ms] [ERROR] Failed to load resource: the server responded with a status of 401 () @ https://client-1-77f5570c.flowsbiz.com/api/campaign-results:0
[45822975ms] [ERROR] Failed to load resource: the server responded with a status of 401 () @ https://client-1-77f5570c.flowsbiz.com/api/contacts/queue?limit=1:0
[45823963ms] [ERROR] Failed to load resource: the server responded with a status of 401 () @ https://client-1-77f5570c.flowsbiz.com/api/qr:0
[45825963ms] [ERROR] Failed to load resource: the server responded with a status of 401 () @ https://client-1-77f5570c.flowsbiz.com/api/qr:0
[45827965ms] [ERROR] Failed to load resource: the server responded with a status of 401 () @ https://client-1-77f5570c.flowsbiz.com/api/campaign-results:0
[45827965ms] [ERROR] Failed to load resource: the server responded with a status of 401 () @ https://client-1-77f5570c.flowsbiz.com/api/qr:0
[45827966ms] [ERROR] Failed to load resource: the server responded with a status of 401 () @ https://client-1-77f5570c.flowsbiz.com/api/contacts/queue?limit=1:0
[45829976ms] [ERROR] Failed to load resource: the server responded with a status of 401 () @ https://client-1-77f5570c.flowsbiz.com/api/qr:0
[45831985ms] [ERROR] Failed to load resource: the server responded with a status of 401 () @ https://client-1-77f5570c.flowsbiz.com/api/qr:0
[45832984ms] [ERROR] Failed to load resource: the server responded with a status of 401 () @ https://client-1-77f5570c.flowsbiz.com/api/contacts/queue?limit=1:0
[45832984ms] [ERROR] Failed to load resource: the server responded with a status of 401 () @ https://client-1-77f5570c.flowsbiz.com/api/campaign-results:0
[45833983ms] [ERROR] Failed to load resource: the server responded with a status of 401 () @ https://client-1-77f5570c.flowsbiz.com/api/qr:0
[45835985ms] [ERROR] Failed to load resource: the server responded with a status of 401 () @ https://client-1-77f5570c.flowsbiz.com/api/qr:0
[45837967ms] [ERROR] Failed to load resource: the server responded with a status of 401 () @ https://client-1-77f5570c.flowsbiz.com/api/campaign-results:0
[45837967ms] [ERROR] Failed to load resource: the server responded with a status of 401 () @ https://client-1-77f5570c.flowsbiz.com/api/contacts/queue?limit=1:0
[45837967ms] [ERROR] Failed to load resource: the server responded with a status of 401 () @ https://client-1-77f5570c.flowsbiz.com/api/qr:0
[45839968ms] [ERROR] Failed to load resource: the server responded with a status of 401 () @ https://client-1-77f5570c.flowsbiz.com/api/qr:0
[45841972ms] [ERROR] Failed to load resource: the server responded with a status of 401 () @ https://client-1-77f5570c.flowsbiz.com/api/qr:0
[45842985ms] [ERROR] Failed to load resource: the server responded with a status of 401 () @ https://client-1-77f5570c.flowsbiz.com/api/contacts/queue?limit=1:0
[45842986ms] [ERROR] Failed to load resource: the server responded with a status of 401 () @ https://client-1-77f5570c.flowsbiz.com/api/campaign-results:0
[45843980ms] [ERROR] Failed to load resource: the server responded with a status of 401 () @ https://client-1-77f5570c.flowsbiz.com/api/qr:0
[45845962ms] [ERROR] Failed to load resource: the server responded with a status of 401 () @ https://client-1-77f5570c.flowsbiz.com/api/qr:0
[45847984ms] [ERROR] Failed to load resource: the server responded with a status of 401 () @ https://client-1-77f5570c.flowsbiz.com/api/contacts/queue?limit=1:0
[45847986ms] [ERROR] Failed to load resource: the server responded with a status of 401 () @ https://client-1-77f5570c.flowsbiz.com/api/campaign-results:0
[45847988ms] [ERROR] Failed to load resource: the server responded with a status of 401 () @ https://client-1-77f5570c.flowsbiz.com/api/qr:0
[45849962ms] [ERROR] Failed to load resource: the server responded with a status of 401 () @ https://client-1-77f5570c.flowsbiz.com/api/qr:0
[45851977ms] [ERROR] Failed to load resource: the server responded with a status of 401 () @ https://client-1-77f5570c.flowsbiz.com/api/qr:0
[45852978ms] [ERROR] Failed to load resource: the server responded with a status of 401 () @ https://client-1-77f5570c.flowsbiz.com/api/campaign-results:0
[45852978ms] [ERROR] Failed to load resource: the server responded with a status of 401 () @ https://client-1-77f5570c.flowsbiz.com/api/contacts/queue?limit=1:0
[45853962ms] [ERROR] Failed to load resource: the server responded with a status of 401 () @ https://client-1-77f5570c.flowsbiz.com/api/qr:0
[45855961ms] [ERROR] Failed to load resource: the server responded with a status of 401 () @ https://client-1-77f5570c.flowsbiz.com/api/qr:0
[45857976ms] [ERROR] Failed to load resource: the server responded with a status of 401 () @ https://client-1-77f5570c.flowsbiz.com/api/campaign-results:0
[45857976ms] [ERROR] Failed to load resource: the server responded with a status of 401 () @ https://client-1-77f5570c.flowsbiz.com/api/contacts/queue?limit=1:0
[45857977ms] [ERROR] Failed to load resource: the server responded with a status of 401 () @ https://client-1-77f5570c.flowsbiz.com/api/qr:0
[45859964ms] [ERROR] Failed to load resource: the server responded with a status of 401 () @ https://client-1-77f5570c.flowsbiz.com/api/qr:0
[45861966ms] [ERROR] Failed to load resource: the server responded with a status of 401 () @ https://client-1-77f5570c.flowsbiz.com/api/qr:0
[45862958ms] [ERROR] Failed to load resource: the server responded with a status of 401 () @ https://client-1-77f5570c.flowsbiz.com/api/contacts/queue?limit=1:0
[45862961ms] [ERROR] Failed to load resource: the server responded with a status of 401 () @ https://client-1-77f5570c.flowsbiz.com/api/campaign-results:0
[45863969ms] [ERROR] Failed to load resource: the server responded with a status of 401 () @ https://client-1-77f5570c.flowsbiz.com/api/qr:0
[45865970ms] [ERROR] Failed to load resource: the server responded with a status of 401 () @ https://client-1-77f5570c.flowsbiz.com/api/qr:0
[45867964ms] [ERROR] Failed to load resource: the server responded with a status of 401 () @ https://client-1-77f5570c.flowsbiz.com/api/contacts/queue?limit=1:0
[45867965ms] [ERROR] Failed to load resource: the server responded with a status of 401 () @ https://client-1-77f5570c.flowsbiz.com/api/campaign-results:0
[45867965ms] [ERROR] Failed to load resource: the server responded with a status of 401 () @ https://client-1-77f5570c.flowsbiz.com/api/qr:0
[45869961ms] [ERROR] Failed to load resource: the server responded with a status of 401 () @ https://client-1-77f5570c.flowsbiz.com/api/qr:0
[45871973ms] [ERROR] Failed to load resource: the server responded with a status of 401 () @ https://client-1-77f5570c.flowsbiz.com/api/qr:0
[45872993ms] [ERROR] Failed to load resource: the server responded with a status of 401 () @ https://client-1-77f5570c.flowsbiz.com/api/campaign-results:0
[45872993ms] [ERROR] Failed to load resource: the server responded with a status of 401 () @ https://client-1-77f5570c.flowsbiz.com/api/contacts/queue?limit=1:0
[45873985ms] [ERROR] Failed to load resource: the server responded with a status of 401 () @ https://client-1-77f5570c.flowsbiz.com/api/qr:0
[45875970ms] [ERROR] Failed to load resource: the server responded with a status of 401 () @ https://client-1-77f5570c.flowsbiz.com/api/qr:0
[45877979ms] [ERROR] Failed to load resource: the server responded with a status of 401 () @ https://client-1-77f5570c.flowsbiz.com/api/contacts/queue?limit=1:0
[45877982ms] [ERROR] Failed to load resource: the server responded with a status of 401 () @ https://client-1-77f5570c.flowsbiz.com/api/qr:0
[45877982ms] [ERROR] Failed to load resource: the server responded with a status of 401 () @ https://client-1-77f5570c.flowsbiz.com/api/campaign-results:0
[45880031ms] [ERROR] Failed to load resource: the server responded with a status of 401 () @ https://client-1-77f5570c.flowsbiz.com/api/qr:0
[45881996ms] [ERROR] Failed to load resource: the server responded with a status of 401 () @ https://client-1-77f5570c.flowsbiz.com/api/qr:0
[45882957ms] [ERROR] Failed to load resource: the server responded with a status of 401 () @ https://client-1-77f5570c.flowsbiz.com/api/contacts/queue?limit=1:0
[45882957ms] [ERROR] Failed to load resource: the server responded with a status of 401 () @ https://client-1-77f5570c.flowsbiz.com/api/campaign-results:0
[45883972ms] [ERROR] Failed to load resource: the server responded with a status of 401 () @ https://client-1-77f5570c.flowsbiz.com/api/qr:0
[45885971ms] [ERROR] Failed to load resource: the server responded with a status of 401 () @ https://client-1-77f5570c.flowsbiz.com/api/qr:0
[45887972ms] [ERROR] Failed to load resource: the server responded with a status of 401 () @ https://client-1-77f5570c.flowsbiz.com/api/campaign-results:0
[45887972ms] [ERROR] Failed to load resource: the server responded with a status of 401 () @ https://client-1-77f5570c.flowsbiz.com/api/contacts/queue?limit=1:0
[45887973ms] [ERROR] Failed to load resource: the server responded with a status of 401 () @ https://client-1-77f5570c.flowsbiz.com/api/qr:0
[45889963ms] [ERROR] Failed to load resource: the server responded with a status of 401 () @ https://client-1-77f5570c.flowsbiz.com/api/qr:0
[45891975ms] [ERROR] Failed to load resource: the server responded with a status of 401 () @ https://client-1-77f5570c.flowsbiz.com/api/qr:0
[45892956ms] [ERROR] Failed to load resource: the server responded with a status of 401 () @ https://client-1-77f5570c.flowsbiz.com/api/contacts/queue?limit=1:0
[45892957ms] [ERROR] Failed to load resource: the server responded with a status of 401 () @ https://client-1-77f5570c.flowsbiz.com/api/campaign-results:0
[45893988ms] [ERROR] Failed to load resource: the server responded with a status of 401 () @ https://client-1-77f5570c.flowsbiz.com/api/qr:0
[45895979ms] [ERROR] Failed to load resource: the server responded with a status of 401 () @ https://client-1-77f5570c.flowsbiz.com/api/qr:0
[45897983ms] [ERROR] Failed to load resource: the server responded with a status of 401 () @ https://client-1-77f5570c.flowsbiz.com/api/qr:0
[45897983ms] [ERROR] Failed to load resource: the server responded with a status of 401 () @ https://client-1-77f5570c.flowsbiz.com/api/campaign-results:0
[45897984ms] [ERROR] Failed to load resource: the server responded with a status of 401 () @ https://client-1-77f5570c.flowsbiz.com/api/contacts/queue?limit=1:0
[45899968ms] [ERROR] Failed to load resource: the server responded with a status of 401 () @ https://client-1-77f5570c.flowsbiz.com/api/qr:0
[45902004ms] [ERROR] Failed to load resource: the server responded with a status of 401 () @ https://client-1-77f5570c.flowsbiz.com/api/qr:0
[45902974ms] [ERROR] Failed to load resource: the server responded with a status of 401 () @ https://client-1-77f5570c.flowsbiz.com/api/contacts/queue?limit=1:0
[45902974ms] [ERROR] Failed to load resource: the server responded with a status of 401 () @ https://client-1-77f5570c.flowsbiz.com/api/campaign-results:0
[45903993ms] [ERROR] Failed to load resource: the server responded with a status of 401 () @ https://client-1-77f5570c.flowsbiz.com/api/qr:0
[45905957ms] [ERROR] Failed to load resource: the server responded with a status of 401 () @ https://client-1-77f5570c.flowsbiz.com/api/qr:0
[45907992ms] [ERROR] Failed to load resource: the server responded with a status of 401 () @ https://client-1-77f5570c.flowsbiz.com/api/qr:0
[45907992ms] [ERROR] Failed to load resource: the server responded with a status of 401 () @ https://client-1-77f5570c.flowsbiz.com/api/campaign-results:0
[45907992ms] [ERROR] Failed to load resource: the server responded with a status of 401 () @ https://client-1-77f5570c.flowsbiz.com/api/contacts/queue?limit=1:0
[45909974ms] [ERROR] Failed to load resource: the server responded with a status of 401 () @ https://client-1-77f5570c.flowsbiz.com/api/qr:0
[45911976ms] [ERROR] Failed to load resource: the server responded with a status of 401 () @ https://client-1-77f5570c.flowsbiz.com/api/qr:0
[45912971ms] [ERROR] Failed to load resource: the server responded with a status of 401 () @ https://client-1-77f5570c.flowsbiz.com/api/contacts/queue?limit=1:0
[45912971ms] [ERROR] Failed to load resource: the server responded with a status of 401 () @ https://client-1-77f5570c.flowsbiz.com/api/campaign-results:0
[45913957ms] [ERROR] Failed to load resource: the server responded with a status of 401 () @ https://client-1-77f5570c.flowsbiz.com/api/qr:0
[45915967ms] [ERROR] Failed to load resource: the server responded with a status of 401 () @ https://client-1-77f5570c.flowsbiz.com/api/qr:0
[45917973ms] [ERROR] Failed to load resource: the server responded with a status of 401 () @ https://client-1-77f5570c.flowsbiz.com/api/contacts/queue?limit=1:0
[45917973ms] [ERROR] Failed to load resource: the server responded with a status of 401 () @ https://client-1-77f5570c.flowsbiz.com/api/qr:0
[45917973ms] [ERROR] Failed to load resource: the server responded with a status of 401 () @ https://client-1-77f5570c.flowsbiz.com/api/campaign-results:0
[45919983ms] [ERROR] Failed to load resource: the server responded with a status of 401 () @ https://client-1-77f5570c.flowsbiz.com/api/qr:0
[45921964ms] [ERROR] Failed to load resource: the server responded with a status of 401 () @ https://client-1-77f5570c.flowsbiz.com/api/qr:0
[45922974ms] [ERROR] Failed to load resource: the server responded with a status of 401 () @ https://client-1-77f5570c.flowsbiz.com/api/contacts/queue?limit=1:0
[45922977ms] [ERROR] Failed to load resource: the server responded with a status of 401 () @ https://client-1-77f5570c.flowsbiz.com/api/campaign-results:0
[45923976ms] [ERROR] Failed to load resource: the server responded with a status of 401 () @ https://client-1-77f5570c.flowsbiz.com/api/qr:0
[45925984ms] [ERROR] Failed to load resource: the server responded with a status of 401 () @ https://client-1-77f5570c.flowsbiz.com/api/qr:0
[45927980ms] [ERROR] Failed to load resource: the server responded with a status of 401 () @ https://client-1-77f5570c.flowsbiz.com/api/contacts/queue?limit=1:0
[45927980ms] [ERROR] Failed to load resource: the server responded with a status of 401 () @ https://client-1-77f5570c.flowsbiz.com/api/qr:0
[45927981ms] [ERROR] Failed to load resource: the server responded with a status of 401 () @ https://client-1-77f5570c.flowsbiz.com/api/campaign-results:0
[45929979ms] [ERROR] Failed to load resource: the server responded with a status of 401 () @ https://client-1-77f5570c.flowsbiz.com/api/qr:0
[45931977ms] [ERROR] Failed to load resource: the server responded with a status of 401 () @ https://client-1-77f5570c.flowsbiz.com/api/qr:0
[45932972ms] [ERROR] Failed to load resource: the server responded with a status of 401 () @ https://client-1-77f5570c.flowsbiz.com/api/campaign-results:0
[45932972ms] [ERROR] Failed to load resource: the server responded with a status of 401 () @ https://client-1-77f5570c.flowsbiz.com/api/contacts/queue?limit=1:0
[45933986ms] [ERROR] Failed to load resource: the server responded with a status of 401 () @ https://client-1-77f5570c.flowsbiz.com/api/qr:0
[45935990ms] [ERROR] Failed to load resource: the server responded with a status of 401 () @ https://client-1-77f5570c.flowsbiz.com/api/qr:0
[45937983ms] [ERROR] Failed to load resource: the server responded with a status of 401 () @ https://client-1-77f5570c.flowsbiz.com/api/qr:0
[45937983ms] [ERROR] Failed to load resource: the server responded with a status of 401 () @ https://client-1-77f5570c.flowsbiz.com/api/contacts/queue?limit=1:0
[45937983ms] [ERROR] Failed to load resource: the server responded with a status of 401 () @ https://client-1-77f5570c.flowsbiz.com/api/campaign-results:0
[45939960ms] [ERROR] Failed to load resource: the server responded with a status of 401 () @ https://client-1-77f5570c.flowsbiz.com/api/qr:0
[45941957ms] [ERROR] Failed to load resource: the server responded with a status of 401 () @ https://client-1-77f5570c.flowsbiz.com/api/qr:0
[45942977ms] [ERROR] Failed to load resource: the server responded with a status of 401 () @ https://client-1-77f5570c.flowsbiz.com/api/contacts/queue?limit=1:0
[45942977ms] [ERROR] Failed to load resource: the server responded with a status of 401 () @ https://client-1-77f5570c.flowsbiz.com/api/campaign-results:0
[45943956ms] [ERROR] Failed to load resource: the server responded with a status of 401 () @ https://client-1-77f5570c.flowsbiz.com/api/qr:0
[45945962ms] [ERROR] Failed to load resource: the server responded with a status of 401 () @ https://client-1-77f5570c.flowsbiz.com/api/qr:0
[45947969ms] [ERROR] Failed to load resource: the server responded with a status of 401 () @ https://client-1-77f5570c.flowsbiz.com/api/contacts/queue?limit=1:0
[45947971ms] [ERROR] Failed to load resource: the server responded with a status of 401 () @ https://client-1-77f5570c.flowsbiz.com/api/campaign-results:0
[45947972ms] [ERROR] Failed to load resource: the server responded with a status of 401 () @ https://client-1-77f5570c.flowsbiz.com/api/qr:0
[45949979ms] [ERROR] Failed to load resource: the server responded with a status of 401 () @ https://client-1-77f5570c.flowsbiz.com/api/qr:0
[45951978ms] [ERROR] Failed to load resource: the server responded with a status of 401 () @ https://client-1-77f5570c.flowsbiz.com/api/qr:0
[45952960ms] [ERROR] Failed to load resource: the server responded with a status of 401 () @ https://client-1-77f5570c.flowsbiz.com/api/contacts/queue?limit=1:0
[45952960ms] [ERROR] Failed to load resource: the server responded with a status of 401 () @ https://client-1-77f5570c.flowsbiz.com/api/campaign-results:0
[45953974ms] [ERROR] Failed to load resource: the server responded with a status of 401 () @ https://client-1-77f5570c.flowsbiz.com/api/qr:0
[45956020ms] [ERROR] Failed to load resource: the server responded with a status of 401 () @ https://client-1-77f5570c.flowsbiz.com/api/qr:0
[45957970ms] [ERROR] Failed to load resource: the server responded with a status of 401 () @ https://client-1-77f5570c.flowsbiz.com/api/campaign-results:0
[45957970ms] [ERROR] Failed to load resource: the server responded with a status of 401 () @ https://client-1-77f5570c.flowsbiz.com/api/contacts/queue?limit=1:0
[45957971ms] [ERROR] Failed to load resource: the server responded with a status of 401 () @ https://client-1-77f5570c.flowsbiz.com/api/qr:0
[53139467ms] [ERROR] Failed to load resource: net::ERR_NAME_NOT_RESOLVED @ https://client-1-77f5570c.flowsbiz.com/api/qr:0
[53139473ms] [ERROR] Failed to load resource: net::ERR_NAME_NOT_RESOLVED @ https://client-1-77f5570c.flowsbiz.com/api/contacts/queue?limit=1:0
[53139473ms] [ERROR] Failed to load resource: net::ERR_NETWORK_CHANGED @ https://client-1-77f5570c.flowsbiz.com/api/campaign-results:0
[53141489ms] [ERROR] Failed to load resource: net::ERR_NAME_NOT_RESOLVED @ https://client-1-77f5570c.flowsbiz.com/api/qr:0
[53141903ms] [ERROR] Failed to load resource: net::ERR_NAME_NOT_RESOLVED @ https://client-1-77f5570c.flowsbiz.com/api/qr:0
[53142897ms] [ERROR] Failed to load resource: net::ERR_NAME_NOT_RESOLVED @ https://client-1-77f5570c.flowsbiz.com/api/contacts/queue?limit=1:0
[53142897ms] [ERROR] Failed to load resource: net::ERR_NAME_NOT_RESOLVED @ https://client-1-77f5570c.flowsbiz.com/api/campaign-results:0
[53143894ms] [ERROR] Failed to load resource: net::ERR_NAME_NOT_RESOLVED @ https://client-1-77f5570c.flowsbiz.com/api/qr:0
